Game Turn, From, To, Initiator, Type, SubType, Message
8, 2, 4, -1, DIPLOMATIC_HIDDEN_AGENDA_KUDO, NONE, 00000000, Requesting Session (B)
8, 2, 4, ?, MAKE_PROMISE, ffffffff, ?, Processing Action From AI to AI
8, 2, 4, -1, DIPLOMATIC_HIDDEN_AGENDA_KUDO, NONE, INITIAL, Requesting session between two AIs!
8, 4, 2, -1, DIPLOMATIC_HIDDEN_AGENDA_KUDO, NONE, 00000000, Requesting Session (B)
8, 4, 2, ?, MAKE_PROMISE, ffffffff, ?, Processing Action From AI to AI
8, 4, 2, -1, DIPLOMATIC_HIDDEN_AGENDA_KUDO, NONE, INITIAL, Requesting session between two AIs!
12, 2, 4, ?, SET_DELEGATION, ffffffff, ?, Processing Action From AI to AI
18, 4, 2, ?, SET_DELEGATION, ffffffff, ?, Processing Action From AI to AI
21, 4, 2, -1, DIPLOMATIC_WARNING, NONE, 00000000, Requesting Session (B)
21, 4, 2, ?, MAKE_PROMISE, ffffffff, ?, Processing Action From AI to AI
21, 4, 2, -1, DIPLOMATIC_WARNING, NONE, INITIAL, Requesting session between two AIs!
27, 5, 0, -1, FIRST_MEET_NO_MANS, NONE, 00000000, Requesting Session (B)
27, 5, 0, 5, FIRST_MEET_NO_MANS, NONE, INITIAL, Adding to pending
27, 5, 0, 5, FIRST_MEET_NO_MANS, NONE, INITIAL, Processing Statement
27, 5, 0, 5, FIRST_MEET_NO_MANS, NONE, INITIAL, Processing Immediately
27, 0, 5, 5, FIRST_MEET_NO_MANS, NONE, POSITIVE, Adding to pending
27, 0, 5, 5, FIRST_MEET_NO_MANS, NONE, POSITIVE, Broadcasting
27, 0, 5, 5, FIRST_MEET_NO_MANS, NONE, POSITIVE, Processing Statement
27, 0, 5, 5, FIRST_MEET_NO_MANS, NONE, POSITIVE, Processing Immediately
27, 5, 0, 5, FIRST_MEET_NO_MANS_INFO_EXCHANGE, NONE, 00000000, Adding to pending
27, 5, 0, 5, FIRST_MEET_NO_MANS_INFO_EXCHANGE, NONE, 00000000, Processing Statement
27, 5, 0, 5, FIRST_MEET_NO_MANS_INFO_EXCHANGE, NONE, 00000000, Processing Immediately
27, 0, 5, 5, FIRST_MEET_NO_MANS_INFO_EXCHANGE, NONE, POSITIVE, Adding to pending
27, 0, 5, 5, FIRST_MEET_NO_MANS_INFO_EXCHANGE, NONE, POSITIVE, Broadcasting
27, 0, 5, 5, FIRST_MEET_NO_MANS_INFO_EXCHANGE, NONE, POSITIVE, Processing Statement
27, 0, 5, 5, FIRST_MEET_NO_MANS_INFO_EXCHANGE, NONE, POSITIVE, Processing Immediately
27, 0, 5, ?, STATEMENT_RESULT, ffffffff, ?, Sending Action
27, 5, 0, ?, ?, ?, ?, Closing Session
27, 0, 5, ?, STATEMENT_RESULT, ffffffff, ?, Processing Action
32, 2, 4, -1, WARNING_TOO_MANY_TROOPS_NEAR_ME, NONE, 00000000, Requesting Session (B)
32, 2, 4, ?, MAKE_PROMISE, 9c55a0d8, ?, Processing Action From AI to AI
32, 2, 4, -1, WARNING_TOO_MANY_TROOPS_NEAR_ME, NONE, INITIAL, Requesting session between two AIs!
37, 3, 0, -1, FIRST_MEET_NEAR_RECIPIENT, NONE, 00000000, Requesting Session (B)
37, 3, 0, 3, FIRST_MEET_NEAR_RECIPIENT, NONE, INITIAL, Adding to pending
37, 3, 0, 3, FIRST_MEET_NEAR_RECIPIENT, NONE, INITIAL, Processing Statement
37, 3, 0, 3, FIRST_MEET_NEAR_RECIPIENT, NONE, INITIAL, Processing Immediately
37, 0, 3, 3, FIRST_MEET_NEAR_RECIPIENT, NONE, POSITIVE, Adding to pending
37, 0, 3, 3, FIRST_MEET_NEAR_RECIPIENT, NONE, POSITIVE, Broadcasting
37, 0, 3, 3, FIRST_MEET_NEAR_RECIPIENT, NONE, POSITIVE, Processing Statement
37, 0, 3, 3, FIRST_MEET_NEAR_RECIPIENT, NONE, POSITIVE, Processing Immediately
37, 3, 0, 3, FIRST_MEET_VISIT_RECIPIENT, NONE, 00000000, Adding to pending
37, 3, 0, 3, FIRST_MEET_VISIT_RECIPIENT, NONE, 00000000, Processing Statement
37, 3, 0, 3, FIRST_MEET_VISIT_RECIPIENT, NONE, 00000000, Processing Immediately
37, 0, 3, 3, FIRST_MEET_VISIT_RECIPIENT, NONE, POSITIVE, Adding to pending
37, 0, 3, 3, FIRST_MEET_VISIT_RECIPIENT, NONE, POSITIVE, Broadcasting
37, 0, 3, 3, FIRST_MEET_VISIT_RECIPIENT, NONE, POSITIVE, Processing Statement
37, 0, 3, 3, FIRST_MEET_VISIT_RECIPIENT, NONE, POSITIVE, Processing Immediately
37, 0, 3, ?, STATEMENT_RESULT, ffffffff, ?, Sending Action
37, 3, 0, ?, ?, ?, ?, Closing Session
37, 0, 3, ?, STATEMENT_RESULT, ffffffff, ?, Processing Action
39, 4, 2, -1, DIPLOMATIC_HIDDEN_AGENDA_WARNING, NONE, 00000000, Requesting Session (B)
39, 4, 2, ?, MAKE_PROMISE, ffffffff, ?, Processing Action From AI to AI
39, 4, 2, -1, DIPLOMATIC_HIDDEN_AGENDA_WARNING, NONE, INITIAL, Requesting session between two AIs!
44, 6, 8, -1, DIPLOMATIC_HIDDEN_AGENDA_WARNING, NONE, 00000000, Requesting Session (B)
44, 6, 8, ?, MAKE_PROMISE, ffffffff, ?, Processing Action From AI to AI
44, 6, 8, -1, DIPLOMATIC_HIDDEN_AGENDA_WARNING, NONE, INITIAL, Requesting session between two AIs!
44, 8, 6, -1, DIPLOMATIC_HIDDEN_AGENDA_WARNING, NONE, 00000000, Requesting Session (B)
44, 8, 6, ?, MAKE_PROMISE, ffffffff, ?, Processing Action From AI to AI
44, 8, 6, -1, DIPLOMATIC_HIDDEN_AGENDA_WARNING, NONE, INITIAL, Requesting session between two AIs!
45, 1, 8, -1, DIPLOMATIC_KUDO, NONE, 00000000, Requesting Session (B)
45, 1, 8, ?, MAKE_PROMISE, ffffffff, ?, Processing Action From AI to AI
45, 1, 8, -1, DIPLOMATIC_KUDO, NONE, INITIAL, Requesting session between two AIs!
45, 4, 2, -1, DIPLOMATIC_HIDDEN_AGENDA_KUDO, NONE, 00000000, Requesting Session (B)
45, 4, 2, ?, MAKE_PROMISE, ffffffff, ?, Processing Action From AI to AI
45, 4, 2, -1, DIPLOMATIC_HIDDEN_AGENDA_KUDO, NONE, INITIAL, Requesting session between two AIs!
45, 4, 2, ?, SET_WAR_STATE, ffffffff, ?, Processing Action From AI to AI
47, 3, 0, -1, DIPLOMATIC_WARNING, NONE, 00000000, Requesting Session (B)
47, 3, 0, 3, DIPLOMATIC_WARNING, NONE, INITIAL, Adding to pending
47, 3, 0, 3, DIPLOMATIC_WARNING, NONE, INITIAL, Processing Statement
47, 3, 0, 3, DIPLOMATIC_WARNING, NONE, INITIAL, Processing Immediately
48, 1, 8, ?, SET_DELEGATION, ffffffff, ?, Processing Action From AI to AI
48, 6, 8, -1, DIPLOMATIC_HIDDEN_AGENDA_KUDO, NONE, 00000000, Requesting Session (B)
48, 6, 8, ?, MAKE_PROMISE, ffffffff, ?, Processing Action From AI to AI
48, 6, 8, -1, DIPLOMATIC_HIDDEN_AGENDA_KUDO, NONE, INITIAL, Requesting session between two AIs!
48, 6, 9, -1, DIPLOMATIC_HIDDEN_AGENDA_KUDO, NONE, 00000000, Requesting Session (B)
48, 6, 9, ?, MAKE_PROMISE, ffffffff, ?, Processing Action From AI to AI
48, 6, 9, -1, DIPLOMATIC_HIDDEN_AGENDA_KUDO, NONE, INITIAL, Requesting session between two AIs!
51, 2, 5, -1, DIPLOMATIC_HIDDEN_AGENDA_KUDO, NONE, 00000000, Requesting Session (B)
51, 2, 5, ?, MAKE_PROMISE, ffffffff, ?, Processing Action From AI to AI
51, 2, 5, -1, DIPLOMATIC_HIDDEN_AGENDA_KUDO, NONE, INITIAL, Requesting session between two AIs!
51, 5, 2, -1, DIPLOMATIC_HIDDEN_AGENDA_KUDO, NONE, 00000000, Requesting Session (B)
51, 5, 2, ?, MAKE_PROMISE, ffffffff, ?, Processing Action From AI to AI
51, 5, 2, -1, DIPLOMATIC_HIDDEN_AGENDA_KUDO, NONE, INITIAL, Requesting session between two AIs!
51, 5, 0, -1, MAKE_DEAL, NONE, 00000000, Requesting Session (B)
51, 5, 0, 5, MAKE_DEAL, NONE, INITIAL, Adding to pending
51, 5, 0, 5, MAKE_DEAL, NONE, INITIAL, Processing Statement
51, 5, 0, 5, MAKE_DEAL, NONE, INITIAL, Processing Immediately
51, 0, 5, 5, MAKE_DEAL, NONE, NEGATIVE, Adding to pending
51, 0, 5, 5, MAKE_DEAL, NONE, NEGATIVE, Broadcasting
51, 0, 5, 5, MAKE_DEAL, NONE, NEGATIVE, Processing Statement
51, 0, 5, 5, MAKE_DEAL, NONE, NEGATIVE, Processing Immediately
51, 5, 0, 5, MAKE_DEAL, HUMAN_REFUSE_DEAL, NEGATIVE, Adding to pending
51, 5, 0, 5, MAKE_DEAL, HUMAN_REFUSE_DEAL, NEGATIVE, Processing Statement
51, 5, 0, 5, MAKE_DEAL, HUMAN_REFUSE_DEAL, NEGATIVE, Processing Immediately
51, 6, 4, -1, DIPLOMATIC_HIDDEN_AGENDA_WARNING, NONE, 00000000, Requesting Session (B)
51, 6, 4, ?, MAKE_PROMISE, ffffffff, ?, Processing Action From AI to AI
51, 6, 4, -1, DIPLOMATIC_HIDDEN_AGENDA_WARNING, NONE, INITIAL, Requesting session between two AIs!
53, 2, 5, ?, SET_DELEGATION, ffffffff, ?, Processing Action From AI to AI
53, 4, 6, ?, SET_DELEGATION, ffffffff, ?, Processing Action From AI to AI
53, 8, 1, ?, SET_DELEGATION, ffffffff, ?, Processing Action From AI to AI
54, 5, 2, ?, SET_DELEGATION, ffffffff, ?, Processing Action From AI to AI
54, 6, 8, -1, DIPLOMATIC_KUDO, NONE, 00000000, Requesting Session (B)
54, 6, 8, ?, MAKE_PROMISE, ffffffff, ?, Processing Action From AI to AI
54, 6, 8, -1, DIPLOMATIC_KUDO, NONE, INITIAL, Requesting session between two AIs!
54, 8, 6, -1, DIPLOMATIC_KUDO, NONE, 00000000, Requesting Session (B)
54, 8, 6, ?, MAKE_PROMISE, ffffffff, ?, Processing Action From AI to AI
54, 8, 6, -1, DIPLOMATIC_KUDO, NONE, INITIAL, Requesting session between two AIs!
55, 8, 1, -1, DIPLOMATIC_KUDO, NONE, 00000000, Requesting Session (B)
55, 8, 1, ?, MAKE_PROMISE, ffffffff, ?, Processing Action From AI to AI
55, 8, 1, -1, DIPLOMATIC_KUDO, NONE, INITIAL, Requesting session between two AIs!
55, 9, 6, ?, SET_DELEGATION, ffffffff, ?, Processing Action From AI to AI
56, 6, 9, -1, DIPLOMATIC_KUDO, NONE, 00000000, Requesting Session (B)
56, 6, 9, ?, MAKE_PROMISE, ffffffff, ?, Processing Action From AI to AI
56, 6, 9, -1, DIPLOMATIC_KUDO, NONE, INITIAL, Requesting session between two AIs!
56, 1, 6, -1, DIPLOMATIC_KUDO, NONE, 00000000, Requesting Session (B)
56, 1, 6, ?, MAKE_PROMISE, ffffffff, ?, Processing Action From AI to AI
56, 1, 6, -1, DIPLOMATIC_KUDO, NONE, INITIAL, Requesting session between two AIs!
56, 1, 6, -1, DIPLOMATIC_HIDDEN_AGENDA_WARNING, NONE, 00000000, Requesting Session (B)
56, 1, 6, ?, MAKE_PROMISE, ffffffff, ?, Processing Action From AI to AI
56, 1, 6, -1, DIPLOMATIC_HIDDEN_AGENDA_WARNING, NONE, INITIAL, Requesting session between two AIs!
56, 6, 2, -1, DIPLOMATIC_HIDDEN_AGENDA_WARNING, NONE, 00000000, Requesting Session (B)
56, 6, 2, ?, MAKE_PROMISE, ffffffff, ?, Processing Action From AI to AI
56, 6, 2, -1, DIPLOMATIC_HIDDEN_AGENDA_WARNING, NONE, INITIAL, Requesting session between two AIs!
56, 9, 6, -1, DIPLOMATIC_WARNING, NONE, 00000000, Requesting Session (B)
56, 9, 6, ?, MAKE_PROMISE, ffffffff, ?, Processing Action From AI to AI
56, 9, 6, -1, DIPLOMATIC_WARNING, NONE, INITIAL, Requesting session between two AIs!
57, 4, 6, ?, SET_DELEGATION, ffffffff, ?, Processing Action From AI to AI
57, 5, 0, -1, DIPLOMATIC_HIDDEN_AGENDA_WARNING, NONE, 00000000, Requesting Session (B)
57, 5, 0, 5, DIPLOMATIC_HIDDEN_AGENDA_WARNING, NONE, INITIAL, Adding to pending
57, 5, 0, -1, DIPLOMATIC_KUDO, NONE, 00000000, Requesting Session (B)
57, 5, 0, -1, DIPLOMATIC_KUDO, NONE, 00000000, Already has open session!
57, 5, 0, -1, DIPLOMATIC_KUDO, NONE, 00000000, Requesting Session (B)
57, 5, 0, -1, DIPLOMATIC_KUDO, NONE, 00000000, Already has open session!
57, 5, 0, 5, DIPLOMATIC_HIDDEN_AGENDA_WARNING, NONE, INITIAL, Processing Statement
57, 5, 0, 5, DIPLOMATIC_HIDDEN_AGENDA_WARNING, NONE, INITIAL, Processing Immediately
58, 5, 0, -1, DIPLOMATIC_KUDO, NONE, 00000000, Requesting Session (B)
58, 5, 0, 5, DIPLOMATIC_KUDO, NONE, INITIAL, Adding to pending
58, 4, 5, -1, DIPLOMATIC_HIDDEN_AGENDA_KUDO, NONE, 00000000, Requesting Session (B)
58, 4, 5, ?, MAKE_PROMISE, ffffffff, ?, Processing Action From AI to AI
58, 4, 5, -1, DIPLOMATIC_HIDDEN_AGENDA_KUDO, NONE, INITIAL, Requesting session between two AIs!
58, 5, 4, -1, DIPLOMATIC_HIDDEN_AGENDA_KUDO, NONE, 00000000, Requesting Session (B)
58, 5, 4, ?, MAKE_PROMISE, ffffffff, ?, Processing Action From AI to AI
58, 5, 4, -1, DIPLOMATIC_HIDDEN_AGENDA_KUDO, NONE, INITIAL, Requesting session between two AIs!
58, 5, 0, 5, DIPLOMATIC_KUDO, NONE, INITIAL, Processing Statement
58, 5, 0, 5, DIPLOMATIC_KUDO, NONE, INITIAL, Processing Immediately
59, 6, 1, -1, DIPLOMATIC_HIDDEN_AGENDA_WARNING, NONE, 00000000, Requesting Session (B)
59, 6, 1, ?, MAKE_PROMISE, ffffffff, ?, Processing Action From AI to AI
59, 6, 1, -1, DIPLOMATIC_HIDDEN_AGENDA_WARNING, NONE, INITIAL, Requesting session between two AIs!
60, 6, 1, ?, SET_DELEGATION, ffffffff, ?, Processing Action From AI to AI
60, 6, 9, ?, SET_DELEGATION, ffffffff, ?, Processing Action From AI to AI
60, 8, 21, ?, SET_WAR_STATE, ffffffff, ?, Processing Action From AI to AI
61, 2, 6, ?, SET_DELEGATION, ffffffff, ?, Processing Action From AI to AI
61, 4, 6, -1, DIPLOMATIC_WARNING, NONE, 00000000, Requesting Session (B)
61, 4, 6, ?, MAKE_PROMISE, ffffffff, ?, Processing Action From AI to AI
61, 4, 6, -1, DIPLOMATIC_WARNING, NONE, INITIAL, Requesting session between two AIs!
61, 6, 4, -1, DIPLOMATIC_WARNING, NONE, 00000000, Requesting Session (B)
61, 6, 4, ?, MAKE_PROMISE, ffffffff, ?, Processing Action From AI to AI
61, 6, 4, -1, DIPLOMATIC_WARNING, NONE, INITIAL, Requesting session between two AIs!
62, 5, 0, -1, MAKE_DEAL, NONE, 00000000, Requesting Session (B)
62, 5, 0, 5, MAKE_DEAL, NONE, INITIAL, Adding to pending
62, 5, 0, 5, MAKE_DEAL, NONE, INITIAL, Processing Statement
62, 5, 0, 5, MAKE_DEAL, NONE, INITIAL, Processing Immediately
62, 0, 5, 5, MAKE_DEAL, HUMAN_ACCEPT_DEAL, POSITIVE, Adding to pending
62, 0, 5, 5, MAKE_DEAL, HUMAN_ACCEPT_DEAL, POSITIVE, Broadcasting
62, 0, 5, 5, MAKE_DEAL, HUMAN_ACCEPT_DEAL, POSITIVE, Processing Statement
62, 0, 5, 5, MAKE_DEAL, HUMAN_ACCEPT_DEAL, POSITIVE, Processing Immediately
62, 5, 0, 5, MAKE_DEAL, HUMAN_ACCEPT_DEAL, POSITIVE, Adding to pending
62, 5, 0, 5, MAKE_DEAL, HUMAN_ACCEPT_DEAL, POSITIVE, Processing Statement
62, 5, 0, 5, MAKE_DEAL, HUMAN_ACCEPT_DEAL, POSITIVE, Processing Immediately
64, 8, 6, ?, SET_DELEGATION, ffffffff, ?, Processing Action From AI to AI
64, 6, 9, -1, DIPLOMATIC_HIDDEN_AGENDA_WARNING, NONE, 00000000, Requesting Session (B)
64, 6, 9, ?, MAKE_PROMISE, ffffffff, ?, Processing Action From AI to AI
64, 6, 9, -1, DIPLOMATIC_HIDDEN_AGENDA_WARNING, NONE, INITIAL, Requesting session between two AIs!
65, 2, 6, ?, SET_DELEGATION, ffffffff, ?, Processing Action From AI to AI
66, 6, 1, -1, DIPLOMATIC_KUDO, NONE, 00000000, Requesting Session (B)
66, 6, 1, ?, MAKE_PROMISE, ffffffff, ?, Processing Action From AI to AI
66, 6, 1, -1, DIPLOMATIC_KUDO, NONE, INITIAL, Requesting session between two AIs!
66, 6, 2, -1, DIPLOMATIC_WARNING, NONE, 00000000, Requesting Session (B)
66, 6, 2, ?, MAKE_PROMISE, ffffffff, ?, Processing Action From AI to AI
66, 6, 2, -1, DIPLOMATIC_WARNING, NONE, INITIAL, Requesting session between two AIs!
69, 6, 4, ?, DENOUNCE, ffffffff, ?, Processing Action From AI to AI
72, 4, 5, -1, DIPLOMATIC_WARNING, NONE, 00000000, Requesting Session (B)
72, 4, 5, ?, MAKE_PROMISE, ffffffff, ?, Processing Action From AI to AI
72, 4, 5, -1, DIPLOMATIC_WARNING, NONE, INITIAL, Requesting session between two AIs!
72, 5, 6, -1, DIPLOMATIC_HIDDEN_AGENDA_WARNING, NONE, 00000000, Requesting Session (B)
72, 5, 6, ?, MAKE_PROMISE, ffffffff, ?, Processing Action From AI to AI
72, 5, 6, -1, DIPLOMATIC_HIDDEN_AGENDA_WARNING, NONE, INITIAL, Requesting session between two AIs!
72, 6, 5, -1, DIPLOMATIC_HIDDEN_AGENDA_WARNING, NONE, 00000000, Requesting Session (B)
72, 6, 5, ?, MAKE_PROMISE, ffffffff, ?, Processing Action From AI to AI
72, 6, 5, -1, DIPLOMATIC_HIDDEN_AGENDA_WARNING, NONE, INITIAL, Requesting session between two AIs!
73, 1, 6, ?, SET_DELEGATION, ffffffff, ?, Processing Action From AI to AI
73, 6, 2, -1, DIPLOMATIC_KUDO, NONE, 00000000, Requesting Session (B)
73, 6, 2, ?, MAKE_PROMISE, ffffffff, ?, Processing Action From AI to AI
73, 6, 2, -1, DIPLOMATIC_KUDO, NONE, INITIAL, Requesting session between two AIs!
73, 6, 4, -1, DIPLOMATIC_KUDO, NONE, 00000000, Requesting Session (B)
73, 6, 4, ?, MAKE_PROMISE, ffffffff, ?, Processing Action From AI to AI
73, 6, 4, -1, DIPLOMATIC_KUDO, NONE, INITIAL, Requesting session between two AIs!
73, 2, 6, ?, SET_DELEGATION, ffffffff, ?, Processing Action From AI to AI
73, 4, 8, -1, DIPLOMATIC_HIDDEN_AGENDA_KUDO, NONE, 00000000, Requesting Session (B)
73, 4, 8, ?, MAKE_PROMISE, ffffffff, ?, Processing Action From AI to AI
73, 4, 8, -1, DIPLOMATIC_HIDDEN_AGENDA_KUDO, NONE, INITIAL, Requesting session between two AIs!
73, 8, 4, -1, DIPLOMATIC_HIDDEN_AGENDA_KUDO, NONE, 00000000, Requesting Session (B)
73, 8, 4, ?, MAKE_PROMISE, ffffffff, ?, Processing Action From AI to AI
73, 8, 4, -1, DIPLOMATIC_HIDDEN_AGENDA_KUDO, NONE, INITIAL, Requesting session between two AIs!
74, 4, 5, ?, SET_DELEGATION, ffffffff, ?, Processing Action From AI to AI
74, 8, 6, -1, DIPLOMATIC_HIDDEN_AGENDA_KUDO, NONE, 00000000, Requesting Session (B)
74, 8, 6, ?, MAKE_PROMISE, ffffffff, ?, Processing Action From AI to AI
74, 8, 6, -1, DIPLOMATIC_HIDDEN_AGENDA_KUDO, NONE, INITIAL, Requesting session between two AIs!
74, 8, 6, -1, DIPLOMATIC_HIDDEN_AGENDA_WARNING, NONE, 00000000, Requesting Session (B)
74, 8, 6, ?, MAKE_PROMISE, ffffffff, ?, Processing Action From AI to AI
74, 8, 6, -1, DIPLOMATIC_HIDDEN_AGENDA_WARNING, NONE, INITIAL, Requesting session between two AIs!
76, 8, 6, -1, DIPLOMATIC_WARNING, NONE, 00000000, Requesting Session (B)
76, 8, 6, ?, MAKE_PROMISE, ffffffff, ?, Processing Action From AI to AI
76, 8, 6, -1, DIPLOMATIC_WARNING, NONE, INITIAL, Requesting session between two AIs!
76, 9, 6, -1, DIPLOMATIC_HIDDEN_AGENDA_WARNING, NONE, 00000000, Requesting Session (B)
76, 9, 6, ?, MAKE_PROMISE, ffffffff, ?, Processing Action From AI to AI
76, 9, 6, -1, DIPLOMATIC_HIDDEN_AGENDA_WARNING, NONE, INITIAL, Requesting session between two AIs!
77, 8, 4, ?, SET_DELEGATION, ffffffff, ?, Processing Action From AI to AI
78, 1, 5, -1, DIPLOMATIC_KUDO, NONE, 00000000, Requesting Session (B)
78, 1, 5, ?, MAKE_PROMISE, ffffffff, ?, Processing Action From AI to AI
78, 1, 5, -1, DIPLOMATIC_KUDO, NONE, INITIAL, Requesting session between two AIs!
78, 5, 1, -1, DIPLOMATIC_HIDDEN_AGENDA_WARNING, NONE, 00000000, Requesting Session (B)
78, 5, 1, ?, MAKE_PROMISE, ffffffff, ?, Processing Action From AI to AI
78, 5, 1, -1, DIPLOMATIC_HIDDEN_AGENDA_WARNING, NONE, INITIAL, Requesting session between two AIs!
78, 6, 8, ?, SET_DELEGATION, ffffffff, ?, Processing Action From AI to AI
79, 4, 8, ?, SET_DELEGATION, ffffffff, ?, Processing Action From AI to AI
80, 5, 8, -1, DIPLOMATIC_HIDDEN_AGENDA_KUDO, NONE, 00000000, Requesting Session (B)
80, 5, 8, ?, MAKE_PROMISE, ffffffff, ?, Processing Action From AI to AI
80, 5, 8, -1, DIPLOMATIC_HIDDEN_AGENDA_KUDO, NONE, INITIAL, Requesting session between two AIs!
80, 8, 5, -1, DIPLOMATIC_HIDDEN_AGENDA_KUDO, NONE, 00000000, Requesting Session (B)
80, 8, 5, ?, MAKE_PROMISE, ffffffff, ?, Processing Action From AI to AI
80, 8, 5, -1, DIPLOMATIC_HIDDEN_AGENDA_KUDO, NONE, INITIAL, Requesting session between two AIs!
80, 8, 1, -1, DIPLOMATIC_HIDDEN_AGENDA_WARNING, NONE, 00000000, Requesting Session (B)
80, 8, 1, ?, MAKE_PROMISE, ffffffff, ?, Processing Action From AI to AI
80, 8, 1, -1, DIPLOMATIC_HIDDEN_AGENDA_WARNING, NONE, INITIAL, Requesting session between two AIs!
80, 9, 6, -1, DIPLOMATIC_WARNING, NONE, 00000000, Requesting Session (B)
80, 9, 6, ?, MAKE_PROMISE, ffffffff, ?, Processing Action From AI to AI
80, 9, 6, -1, DIPLOMATIC_WARNING, NONE, INITIAL, Requesting session between two AIs!
81, 1, 6, ?, SET_DELEGATION, ffffffff, ?, Processing Action From AI to AI
81, 4, 6, -1, DIPLOMATIC_HIDDEN_AGENDA_WARNING, NONE, 00000000, Requesting Session (B)
81, 4, 6, ?, MAKE_PROMISE, ffffffff, ?, Processing Action From AI to AI
81, 4, 6, -1, DIPLOMATIC_HIDDEN_AGENDA_WARNING, NONE, INITIAL, Requesting session between two AIs!
81, 5, 0, -1, DIPLOMATIC_KUDO, NONE, 00000000, Requesting Session (B)
81, 5, 0, 5, DIPLOMATIC_KUDO, NONE, INITIAL, Adding to pending
81, 5, 2, -1, DIPLOMATIC_HIDDEN_AGENDA_WARNING, NONE, 00000000, Requesting Session (B)
81, 5, 2, ?, MAKE_PROMISE, ffffffff, ?, Processing Action From AI to AI
81, 5, 2, -1, DIPLOMATIC_HIDDEN_AGENDA_WARNING, NONE, INITIAL, Requesting session between two AIs!
81, 5, 2, -1, DIPLOMATIC_KUDO, NONE, 00000000, Requesting Session (B)
81, 5, 2, ?, MAKE_PROMISE, ffffffff, ?, Processing Action From AI to AI
81, 5, 2, -1, DIPLOMATIC_KUDO, NONE, INITIAL, Requesting session between two AIs!
81, 5, 0, 5, DIPLOMATIC_KUDO, NONE, INITIAL, Processing Statement
81, 5, 0, 5, DIPLOMATIC_KUDO, NONE, INITIAL, Processing Immediately
81, 6, 4, -1, DIPLOMATIC_HIDDEN_AGENDA_WARNING, NONE, 00000000, Requesting Session (B)
81, 6, 4, ?, MAKE_PROMISE, ffffffff, ?, Processing Action From AI to AI
81, 6, 4, -1, DIPLOMATIC_HIDDEN_AGENDA_WARNING, NONE, INITIAL, Requesting session between two AIs!
81, 5, 7, -1, DIPLOMATIC_HIDDEN_AGENDA_WARNING, NONE, 00000000, Requesting Session (B)
81, 5, 7, ?, MAKE_PROMISE, ffffffff, ?, Processing Action From AI to AI
81, 5, 7, -1, DIPLOMATIC_HIDDEN_AGENDA_WARNING, NONE, INITIAL, Requesting session between two AIs!
81, 7, 5, -1, DIPLOMATIC_HIDDEN_AGENDA_WARNING, NONE, 00000000, Requesting Session (B)
81, 7, 5, ?, MAKE_PROMISE, ffffffff, ?, Processing Action From AI to AI
81, 7, 5, -1, DIPLOMATIC_HIDDEN_AGENDA_WARNING, NONE, INITIAL, Requesting session between two AIs!
82, 8, 6, -1, WARNING_TOO_MANY_TROOPS_NEAR_ME, NONE, 00000000, Requesting Session (B)
82, 8, 6, ?, MAKE_PROMISE, 9c55a0d8, ?, Processing Action From AI to AI
82, 8, 6, -1, WARNING_TOO_MANY_TROOPS_NEAR_ME, NONE, INITIAL, Requesting session between two AIs!
82, 6, 5, -1, DIPLOMATIC_KUDO, NONE, 00000000, Requesting Session (B)
82, 6, 5, ?, MAKE_PROMISE, ffffffff, ?, Processing Action From AI to AI
82, 6, 5, -1, DIPLOMATIC_KUDO, NONE, INITIAL, Requesting session between two AIs!
82, 6, 8, -1, DIPLOMATIC_HIDDEN_AGENDA_WARNING, NONE, 00000000, Requesting Session (B)
82, 6, 8, ?, MAKE_PROMISE, ffffffff, ?, Processing Action From AI to AI
82, 6, 8, -1, DIPLOMATIC_HIDDEN_AGENDA_WARNING, NONE, INITIAL, Requesting session between two AIs!
83, 4, 8, -1, DIPLOMATIC_WARNING, NONE, 00000000, Requesting Session (B)
83, 4, 8, ?, MAKE_PROMISE, ffffffff, ?, Processing Action From AI to AI
83, 4, 8, -1, DIPLOMATIC_WARNING, NONE, INITIAL, Requesting session between two AIs!
83, 8, 4, -1, DIPLOMATIC_KUDO, NONE, 00000000, Requesting Session (B)
83, 8, 4, ?, MAKE_PROMISE, ffffffff, ?, Processing Action From AI to AI
83, 8, 4, -1, DIPLOMATIC_KUDO, NONE, INITIAL, Requesting session between two AIs!
84, 5, 14, ?, SET_WAR_STATE, ffffffff, ?, Processing Action From AI to AI
84, 9, 6, -1, WARNING_TOO_MANY_TROOPS_NEAR_ME, NONE, 00000000, Requesting Session (B)
84, 9, 6, ?, MAKE_PROMISE, 9c55a0d8, ?, Processing Action From AI to AI
84, 9, 6, -1, WARNING_TOO_MANY_TROOPS_NEAR_ME, NONE, INITIAL, Requesting session between two AIs!
85, 1, 6, ?, SET_DELEGATION, ffffffff, ?, Processing Action From AI to AI
85, 8, 5, ?, SET_DELEGATION, ffffffff, ?, Processing Action From AI to AI
85, 9, 6, -1, DIPLOMATIC_HIDDEN_AGENDA_WARNING, NONE, 00000000, Requesting Session (B)
85, 9, 6, ?, MAKE_PROMISE, ffffffff, ?, Processing Action From AI to AI
85, 9, 6, -1, DIPLOMATIC_HIDDEN_AGENDA_WARNING, NONE, INITIAL, Requesting session between two AIs!
86, 8, 1, -1, WARNING_STOP_CONVERTING_MY_CITIES, NONE, 00000000, Requesting Session (B)
86, 8, 1, ?, MAKE_PROMISE, ef5ea8c1, ?, Processing Action From AI to AI
86, 8, 1, -1, WARNING_STOP_CONVERTING_MY_CITIES, NONE, INITIAL, Requesting session between two AIs!
86, 5, 4, ?, SET_DELEGATION, ffffffff, ?, Processing Action From AI to AI
86, 6, 1, -1, DIPLOMATIC_HIDDEN_AGENDA_WARNING, NONE, 00000000, Requesting Session (B)
86, 6, 1, ?, MAKE_PROMISE, ffffffff, ?, Processing Action From AI to AI
86, 6, 1, -1, DIPLOMATIC_HIDDEN_AGENDA_WARNING, NONE, INITIAL, Requesting session between two AIs!
86, 6, 2, -1, DIPLOMATIC_HIDDEN_AGENDA_WARNING, NONE, 00000000, Requesting Session (B)
86, 6, 2, ?, MAKE_PROMISE, ffffffff, ?, Processing Action From AI to AI
86, 6, 2, -1, DIPLOMATIC_HIDDEN_AGENDA_WARNING, NONE, INITIAL, Requesting session between two AIs!
86, 6, 0, -1, FIRST_MEET_NEAR_INITIATOR, NONE, 00000000, Requesting Session (B)
86, 6, 0, 6, FIRST_MEET_NEAR_INITIATOR, NONE, INITIAL, Adding to pending
86, 6, 0, 6, FIRST_MEET_NEAR_INITIATOR, NONE, INITIAL, Processing Statement
86, 6, 0, 6, FIRST_MEET_NEAR_INITIATOR, NONE, INITIAL, Processing Immediately
86, 0, 6, 6, FIRST_MEET_NEAR_INITIATOR, NONE, POSITIVE, Adding to pending
86, 0, 6, 6, FIRST_MEET_NEAR_INITIATOR, NONE, POSITIVE, Broadcasting
86, 0, 6, 6, FIRST_MEET_NEAR_INITIATOR, NONE, POSITIVE, Processing Statement
86, 0, 6, 6, FIRST_MEET_NEAR_INITIATOR, NONE, POSITIVE, Processing Immediately
86, 0, 6, ?, STATEMENT_RESULT, ffffffff, ?, Sending Action
86, 6, 0, 6, FIRST_MEET_NEAR_INITIATOR, POSITIVE, POSITIVE, Adding to pending
86, 6, 0, 6, FIRST_MEET_NEAR_INITIATOR, POSITIVE, POSITIVE, Processing Statement
86, 6, 0, 6, FIRST_MEET_NEAR_INITIATOR, POSITIVE, POSITIVE, Processing Immediately
86, 0, 6, ?, STATEMENT_RESULT, ffffffff, ?, Processing Action
87, 4, 2, ?, SET_DELEGATION, ffffffff, ?, Processing Action From AI to AI
88, 5, 4, -1, DIPLOMATIC_HIDDEN_AGENDA_WARNING, NONE, 00000000, Requesting Session (B)
88, 5, 4, ?, MAKE_PROMISE, ffffffff, ?, Processing Action From AI to AI
88, 5, 4, -1, DIPLOMATIC_HIDDEN_AGENDA_WARNING, NONE, INITIAL, Requesting session between two AIs!
88, 5, 4, -1, DIPLOMATIC_KUDO, NONE, 00000000, Requesting Session (B)
88, 5, 4, ?, MAKE_PROMISE, ffffffff, ?, Processing Action From AI to AI
88, 5, 4, -1, DIPLOMATIC_KUDO, NONE, INITIAL, Requesting session between two AIs!
88, 6, 0, -1, MAKE_DEAL, NONE, 00000000, Requesting Session (B)
88, 6, 0, 6, MAKE_DEAL, NONE, INITIAL, Adding to pending
88, 6, 0, 6, MAKE_DEAL, NONE, INITIAL, Processing Statement
88, 6, 0, 6, MAKE_DEAL, NONE, INITIAL, Processing Immediately
88, 0, 6, 6, MAKE_DEAL, NONE, NEGATIVE, Adding to pending
88, 0, 6, 6, MAKE_DEAL, NONE, NEGATIVE, Broadcasting
88, 0, 6, 6, MAKE_DEAL, NONE, NEGATIVE, Processing Statement
88, 0, 6, 6, MAKE_DEAL, NONE, NEGATIVE, Processing Immediately
88, 6, 0, 6, MAKE_DEAL, HUMAN_REFUSE_DEAL, NEGATIVE, Adding to pending
88, 6, 0, 6, MAKE_DEAL, HUMAN_REFUSE_DEAL, NEGATIVE, Processing Statement
88, 6, 0, 6, MAKE_DEAL, HUMAN_REFUSE_DEAL, NEGATIVE, Processing Immediately
89, 3, 9, ?, SET_DELEGATION, ffffffff, ?, Processing Action From AI to AI
89, 4, 5, -1, DIPLOMATIC_HIDDEN_AGENDA_WARNING, NONE, 00000000, Requesting Session (B)
89, 4, 5, ?, MAKE_PROMISE, ffffffff, ?, Processing Action From AI to AI
89, 4, 5, -1, DIPLOMATIC_HIDDEN_AGENDA_WARNING, NONE, INITIAL, Requesting session between two AIs!
90, 9, 0, -1, FIRST_MEET_NO_MANS, NONE, 00000000, Requesting Session (B)
90, 9, 0, 9, FIRST_MEET_NO_MANS, NONE, INITIAL, Adding to pending
90, 9, 0, 9, FIRST_MEET_NO_MANS, NONE, INITIAL, Processing Statement
90, 9, 0, 9, FIRST_MEET_NO_MANS, NONE, INITIAL, Processing Immediately
90, 0, 9, 9, FIRST_MEET_NO_MANS, NONE, POSITIVE, Adding to pending
90, 0, 9, 9, FIRST_MEET_NO_MANS, NONE, POSITIVE, Broadcasting
90, 0, 9, 9, FIRST_MEET_NO_MANS, NONE, POSITIVE, Processing Statement
90, 0, 9, 9, FIRST_MEET_NO_MANS, NONE, POSITIVE, Processing Immediately
90, 9, 0, 9, FIRST_MEET_NO_MANS_INFO_EXCHANGE, NONE, 00000000, Adding to pending
90, 9, 0, 9, FIRST_MEET_NO_MANS_INFO_EXCHANGE, NONE, 00000000, Processing Statement
90, 9, 0, 9, FIRST_MEET_NO_MANS_INFO_EXCHANGE, NONE, 00000000, Processing Immediately
90, 0, 9, 9, FIRST_MEET_NO_MANS_INFO_EXCHANGE, NONE, POSITIVE, Adding to pending
90, 0, 9, 9, FIRST_MEET_NO_MANS_INFO_EXCHANGE, NONE, POSITIVE, Broadcasting
90, 0, 9, 9, FIRST_MEET_NO_MANS_INFO_EXCHANGE, NONE, POSITIVE, Processing Statement
90, 0, 9, 9, FIRST_MEET_NO_MANS_INFO_EXCHANGE, NONE, POSITIVE, Processing Immediately
90, 0, 9, ?, STATEMENT_RESULT, ffffffff, ?, Sending Action
90, 9, 0, ?, ?, ?, ?, Closing Session
90, 0, 9, ?, STATEMENT_RESULT, ffffffff, ?, Processing Action
90, 1, 6, ?, SET_DELEGATION, ffffffff, ?, Processing Action From AI to AI
90, 8, 5, -1, DIPLOMATIC_KUDO, NONE, 00000000, Requesting Session (B)
90, 8, 5, ?, MAKE_PROMISE, ffffffff, ?, Processing Action From AI to AI
90, 8, 5, -1, DIPLOMATIC_KUDO, NONE, INITIAL, Requesting session between two AIs!
90, 8, 1, -1, DIPLOMATIC_HIDDEN_AGENDA_KUDO, NONE, 00000000, Requesting Session (B)
90, 8, 1, ?, MAKE_PROMISE, ffffffff, ?, Processing Action From AI to AI
90, 8, 1, -1, DIPLOMATIC_HIDDEN_AGENDA_KUDO, NONE, INITIAL, Requesting session between two AIs!
91, 2, 4, ?, SET_DELEGATION, ffffffff, ?, Processing Action From AI to AI
91, 4, 2, ?, SET_DELEGATION, ffffffff, ?, Processing Action From AI to AI
91, 9, 0, -1, MAKE_DEAL, NONE, 00000000, Requesting Session (B)
91, 9, 0, 9, MAKE_DEAL, NONE, INITIAL, Adding to pending
91, 9, 0, 9, MAKE_DEAL, NONE, INITIAL, Processing Statement
91, 9, 0, 9, MAKE_DEAL, NONE, INITIAL, Processing Immediately
91, 0, 9, 9, MAKE_DEAL, HUMAN_ACCEPT_DEAL, POSITIVE, Adding to pending
91, 0, 9, 9, MAKE_DEAL, HUMAN_ACCEPT_DEAL, POSITIVE, Broadcasting
91, 0, 9, 9, MAKE_DEAL, HUMAN_ACCEPT_DEAL, POSITIVE, Processing Statement
91, 0, 9, 9, MAKE_DEAL, HUMAN_ACCEPT_DEAL, POSITIVE, Processing Immediately
91, 9, 0, 9, MAKE_DEAL, HUMAN_ACCEPT_DEAL, POSITIVE, Adding to pending
91, 9, 0, 9, MAKE_DEAL, HUMAN_ACCEPT_DEAL, POSITIVE, Processing Statement
91, 9, 0, 9, MAKE_DEAL, HUMAN_ACCEPT_DEAL, POSITIVE, Processing Immediately
92, 3, 9, -1, DIPLOMATIC_HIDDEN_AGENDA_WARNING, NONE, 00000000, Requesting Session (B)
92, 3, 9, ?, MAKE_PROMISE, ffffffff, ?, Processing Action From AI to AI
92, 3, 9, -1, DIPLOMATIC_HIDDEN_AGENDA_WARNING, NONE, INITIAL, Requesting session between two AIs!
92, 5, 4, -1, DIPLOMATIC_HIDDEN_AGENDA_KUDO, NONE, 00000000, Requesting Session (B)
92, 5, 4, ?, MAKE_PROMISE, ffffffff, ?, Processing Action From AI to AI
92, 5, 4, -1, DIPLOMATIC_HIDDEN_AGENDA_KUDO, NONE, INITIAL, Requesting session between two AIs!
94, 4, 2, -1, DIPLOMATIC_WARNING, NONE, 00000000, Requesting Session (B)
94, 4, 2, ?, MAKE_PROMISE, ffffffff, ?, Processing Action From AI to AI
94, 4, 2, -1, DIPLOMATIC_WARNING, NONE, INITIAL, Requesting session between two AIs!
96, 1, 7, -1, DIPLOMATIC_KUDO, NONE, 00000000, Requesting Session (B)
96, 1, 7, ?, MAKE_PROMISE, ffffffff, ?, Processing Action From AI to AI
96, 1, 7, -1, DIPLOMATIC_KUDO, NONE, INITIAL, Requesting session between two AIs!
96, 1, 7, -1, DIPLOMATIC_HIDDEN_AGENDA_WARNING, NONE, 00000000, Requesting Session (B)
96, 1, 7, ?, MAKE_PROMISE, ffffffff, ?, Processing Action From AI to AI
96, 1, 7, -1, DIPLOMATIC_HIDDEN_AGENDA_WARNING, NONE, INITIAL, Requesting session between two AIs!
96, 7, 1, -1, DIPLOMATIC_HIDDEN_AGENDA_WARNING, NONE, 00000000, Requesting Session (B)
96, 7, 1, ?, MAKE_PROMISE, ffffffff, ?, Processing Action From AI to AI
96, 7, 1, -1, DIPLOMATIC_HIDDEN_AGENDA_WARNING, NONE, INITIAL, Requesting session between two AIs!
96, 2, 4, -1, WARNING_DONT_SETTLE_NEAR_ME, NONE, 00000000, Requesting Session (B)
96, 2, 4, ?, MAKE_PROMISE, fadf5055, ?, Processing Action From AI to AI
96, 2, 4, -1, WARNING_DONT_SETTLE_NEAR_ME, NONE, INITIAL, Requesting session between two AIs!
96, 6, 0, -1, DIPLOMATIC_KUDO, NONE, 00000000, Requesting Session (B)
96, 6, 0, 6, DIPLOMATIC_KUDO, NONE, INITIAL, Adding to pending
96, 6, 9, -1, DIPLOMATIC_HIDDEN_AGENDA_WARNING, NONE, 00000000, Requesting Session (B)
96, 6, 9, ?, MAKE_PROMISE, ffffffff, ?, Processing Action From AI to AI
96, 6, 9, -1, DIPLOMATIC_HIDDEN_AGENDA_WARNING, NONE, INITIAL, Requesting session between two AIs!
96, 6, 0, 6, DIPLOMATIC_KUDO, NONE, INITIAL, Processing Statement
96, 6, 0, 6, DIPLOMATIC_KUDO, NONE, INITIAL, Processing Immediately
96, 7, 0, -1, FIRST_MEET_NEAR_INITIATOR, NONE, 00000000, Requesting Session (B)
96, 7, 0, 7, FIRST_MEET_NEAR_INITIATOR, NONE, INITIAL, Adding to pending
96, 7, 0, 7, FIRST_MEET_NEAR_INITIATOR, NONE, INITIAL, Processing Statement
96, 7, 0, 7, FIRST_MEET_NEAR_INITIATOR, NONE, INITIAL, Processing Immediately
97, 1, 7, ?, SET_DELEGATION, ffffffff, ?, Processing Action From AI to AI
97, 4, 2, ?, SET_WAR_STATE, ffffffff, ?, Processing Action From AI to AI
97, 6, 2, -1, DIPLOMATIC_WARNING, NONE, 00000000, Requesting Session (B)
97, 6, 2, ?, MAKE_PROMISE, ffffffff, ?, Processing Action From AI to AI
97, 6, 2, -1, DIPLOMATIC_WARNING, NONE, INITIAL, Requesting session between two AIs!
97, 6, 4, -1, DIPLOMATIC_WARNING, NONE, 00000000, Requesting Session (B)
97, 6, 4, ?, MAKE_PROMISE, ffffffff, ?, Processing Action From AI to AI
97, 6, 4, -1, DIPLOMATIC_WARNING, NONE, INITIAL, Requesting session between two AIs!
98, 3, 9, -1, DIPLOMATIC_WARNING, NONE, 00000000, Requesting Session (B)
98, 3, 9, ?, MAKE_PROMISE, ffffffff, ?, Processing Action From AI to AI
98, 3, 9, -1, DIPLOMATIC_WARNING, NONE, INITIAL, Requesting session between two AIs!
98, 4, 5, ?, SET_DELEGATION, ffffffff, ?, Processing Action From AI to AI
98, 8, 1, ?, DENOUNCE, ffffffff, ?, Processing Action From AI to AI
98, 9, 3, -1, DIPLOMATIC_WARNING, NONE, 00000000, Requesting Session (B)
98, 9, 3, ?, MAKE_PROMISE, ffffffff, ?, Processing Action From AI to AI
98, 9, 3, -1, DIPLOMATIC_WARNING, NONE, INITIAL, Requesting session between two AIs!
99, 1, 5, ?, SET_DELEGATION, ffffffff, ?, Processing Action From AI to AI
99, 1, 6, ?, SET_DELEGATION, ffffffff, ?, Processing Action From AI to AI
99, 2, 6, ?, SET_DELEGATION, ffffffff, ?, Processing Action From AI to AI
99, 4, 5, -1, DIPLOMATIC_KUDO, NONE, 00000000, Requesting Session (B)
99, 4, 5, ?, MAKE_PROMISE, ffffffff, ?, Processing Action From AI to AI
99, 4, 5, -1, DIPLOMATIC_KUDO, NONE, INITIAL, Requesting session between two AIs!
99, 5, 1, ?, DENOUNCE, ffffffff, ?, Processing Action From AI to AI
99, 5, 0, -1, MAKE_DEAL, NONE, 00000000, Requesting Session (B)
99, 5, 0, 5, MAKE_DEAL, NONE, INITIAL, Adding to pending
99, 5, 0, 5, MAKE_DEAL, NONE, INITIAL, Processing Statement
99, 5, 0, 5, MAKE_DEAL, NONE, INITIAL, Processing Immediately
99, 0, 5, 5, MAKE_DEAL, NONE, NEGATIVE, Adding to pending
99, 0, 5, 5, MAKE_DEAL, NONE, NEGATIVE, Broadcasting
99, 0, 5, 5, MAKE_DEAL, NONE, NEGATIVE, Processing Statement
99, 0, 5, 5, MAKE_DEAL, NONE, NEGATIVE, Processing Immediately
99, 5, 0, 5, MAKE_DEAL, HUMAN_REFUSE_DEAL, NEGATIVE, Adding to pending
99, 5, 0, 5, MAKE_DEAL, HUMAN_REFUSE_DEAL, NEGATIVE, Processing Statement
99, 5, 0, 5, MAKE_DEAL, HUMAN_REFUSE_DEAL, NEGATIVE, Processing Immediately
99, 6, 0, -1, MAKE_DEAL, NONE, 00000000, Requesting Session (B)
99, 6, 0, 6, MAKE_DEAL, NONE, INITIAL, Adding to pending
99, 6, 0, 6, MAKE_DEAL, NONE, INITIAL, Processing Statement
99, 6, 0, 6, MAKE_DEAL, NONE, INITIAL, Processing Immediately
99, 0, 6, 6, MAKE_DEAL, HUMAN_ACCEPT_DEAL, POSITIVE, Adding to pending
99, 0, 6, 6, MAKE_DEAL, HUMAN_ACCEPT_DEAL, POSITIVE, Broadcasting
99, 0, 6, 6, MAKE_DEAL, HUMAN_ACCEPT_DEAL, POSITIVE, Processing Statement
99, 0, 6, 6, MAKE_DEAL, HUMAN_ACCEPT_DEAL, POSITIVE, Processing Immediately
99, 6, 0, 6, MAKE_DEAL, HUMAN_ACCEPT_DEAL, POSITIVE, Adding to pending
99, 6, 0, 6, MAKE_DEAL, HUMAN_ACCEPT_DEAL, POSITIVE, Processing Statement
99, 6, 0, 6, MAKE_DEAL, HUMAN_ACCEPT_DEAL, POSITIVE, Processing Immediately
100, 4, 8, ?, SET_EMBASSY, ffffffff, ?, Processing Action From AI to AI
100, 6, 4, ?, DENOUNCE, ffffffff, ?, Processing Action From AI to AI
100, 9, 0, -1, DIPLOMATIC_WARNING, NONE, 00000000, Requesting Session (B)
100, 9, 0, 9, DIPLOMATIC_WARNING, NONE, INITIAL, Adding to pending
100, 9, 0, 9, DIPLOMATIC_WARNING, NONE, INITIAL, Processing Statement
100, 9, 0, 9, DIPLOMATIC_WARNING, NONE, INITIAL, Processing Immediately
101, 6, 1, ?, DENOUNCE, ffffffff, ?, Processing Action From AI to AI
101, 7, 1, ?, DENOUNCE, ffffffff, ?, Processing Action From AI to AI
101, 8, 6, -1, DIPLOMATIC_HIDDEN_AGENDA_KUDO, NONE, 00000000, Requesting Session (B)
101, 8, 6, ?, MAKE_PROMISE, ffffffff, ?, Processing Action From AI to AI
101, 8, 6, -1, DIPLOMATIC_HIDDEN_AGENDA_KUDO, NONE, INITIAL, Requesting session between two AIs!
102, 1, 5, -1, DIPLOMATIC_WARNING, NONE, 00000000, Requesting Session (B)
102, 1, 5, ?, MAKE_PROMISE, ffffffff, ?, Processing Action From AI to AI
102, 1, 5, -1, DIPLOMATIC_WARNING, NONE, INITIAL, Requesting session between two AIs!
102, 4, 5, ?, SET_EMBASSY, ffffffff, ?, Processing Action From AI to AI
102, 5, 6, -1, DIPLOMATIC_HIDDEN_AGENDA_KUDO, NONE, 00000000, Requesting Session (B)
102, 5, 6, ?, MAKE_PROMISE, ffffffff, ?, Processing Action From AI to AI
102, 5, 6, -1, DIPLOMATIC_HIDDEN_AGENDA_KUDO, NONE, INITIAL, Requesting session between two AIs!
102, 5, 6, -1, DIPLOMATIC_KUDO, NONE, 00000000, Requesting Session (B)
102, 5, 6, ?, MAKE_PROMISE, ffffffff, ?, Processing Action From AI to AI
102, 5, 6, -1, DIPLOMATIC_KUDO, NONE, INITIAL, Requesting session between two AIs!
102, 6, 5, -1, DIPLOMATIC_HIDDEN_AGENDA_WARNING, NONE, 00000000, Requesting Session (B)
102, 6, 5, ?, MAKE_PROMISE, ffffffff, ?, Processing Action From AI to AI
102, 6, 5, -1, DIPLOMATIC_HIDDEN_AGENDA_WARNING, NONE, INITIAL, Requesting session between two AIs!
102, 6, 3, -1, DIPLOMATIC_HIDDEN_AGENDA_WARNING, NONE, 00000000, Requesting Session (B)
102, 6, 3, ?, MAKE_PROMISE, ffffffff, ?, Processing Action From AI to AI
102, 6, 3, -1, DIPLOMATIC_HIDDEN_AGENDA_WARNING, NONE, INITIAL, Requesting session between two AIs!
103, 2, 6, ?, SET_DELEGATION, ffffffff, ?, Processing Action From AI to AI
103, 6, 5, ?, SET_DELEGATION, ffffffff, ?, Processing Action From AI to AI
103, 8, 4, -1, DIPLOMATIC_HIDDEN_AGENDA_WARNING, NONE, 00000000, Requesting Session (B)
103, 8, 4, ?, MAKE_PROMISE, ffffffff, ?, Processing Action From AI to AI
103, 8, 4, -1, DIPLOMATIC_HIDDEN_AGENDA_WARNING, NONE, INITIAL, Requesting session between two AIs!
104, 3, 0, -1, MAKE_DEAL, NONE, 00000000, Requesting Session (B)
104, 3, 0, 3, MAKE_DEAL, NONE, INITIAL, Adding to pending
104, 3, 0, 3, MAKE_DEAL, NONE, INITIAL, Processing Statement
104, 3, 0, 3, MAKE_DEAL, NONE, INITIAL, Processing Immediately
104, 0, 3, 3, MAKE_DEAL, HUMAN_ACCEPT_DEAL, POSITIVE, Adding to pending
104, 0, 3, 3, MAKE_DEAL, HUMAN_ACCEPT_DEAL, POSITIVE, Broadcasting
104, 0, 3, 3, MAKE_DEAL, HUMAN_ACCEPT_DEAL, POSITIVE, Processing Statement
104, 0, 3, 3, MAKE_DEAL, HUMAN_ACCEPT_DEAL, POSITIVE, Processing Immediately
104, 3, 0, 3, MAKE_DEAL, HUMAN_ACCEPT_DEAL, POSITIVE, Adding to pending
104, 3, 0, 3, MAKE_DEAL, HUMAN_ACCEPT_DEAL, POSITIVE, Processing Statement
104, 3, 0, 3, MAKE_DEAL, HUMAN_ACCEPT_DEAL, POSITIVE, Processing Immediately
104, 4, 8, -1, DIPLOMATIC_KUDO, NONE, 00000000, Requesting Session (B)
104, 4, 8, ?, MAKE_PROMISE, ffffffff, ?, Processing Action From AI to AI
104, 4, 8, -1, DIPLOMATIC_KUDO, NONE, INITIAL, Requesting session between two AIs!
105, 1, 8, -1, DIPLOMATIC_WARNING, NONE, 00000000, Requesting Session (B)
105, 1, 8, ?, MAKE_PROMISE, ffffffff, ?, Processing Action From AI to AI
105, 1, 8, -1, DIPLOMATIC_WARNING, NONE, INITIAL, Requesting session between two AIs!
106, 5, 6, ?, SET_EMBASSY, ffffffff, ?, Processing Action From AI to AI
106, 7, 0, -1, MAKE_DEAL, NONE, 00000000, Requesting Session (B)
106, 7, 0, 7, MAKE_DEAL, NONE, INITIAL, Adding to pending
106, 7, 9, -1, DIPLOMATIC_HIDDEN_AGENDA_KUDO, NONE, 00000000, Requesting Session (B)
106, 7, 9, ?, MAKE_PROMISE, ffffffff, ?, Processing Action From AI to AI
106, 7, 9, -1, DIPLOMATIC_HIDDEN_AGENDA_KUDO, NONE, INITIAL, Requesting session between two AIs!
106, 9, 7, -1, DIPLOMATIC_HIDDEN_AGENDA_KUDO, NONE, 00000000, Requesting Session (B)
106, 9, 7, ?, MAKE_PROMISE, ffffffff, ?, Processing Action From AI to AI
106, 9, 7, -1, DIPLOMATIC_HIDDEN_AGENDA_KUDO, NONE, INITIAL, Requesting session between two AIs!
106, 7, 0, 7, MAKE_DEAL, NONE, INITIAL, Processing Statement
106, 7, 0, 7, MAKE_DEAL, NONE, INITIAL, Processing Immediately
106, 0, 7, 7, MAKE_DEAL, HUMAN_ACCEPT_DEAL, POSITIVE, Adding to pending
106, 0, 7, 7, MAKE_DEAL, HUMAN_ACCEPT_DEAL, POSITIVE, Broadcasting
106, 0, 7, 7, MAKE_DEAL, HUMAN_ACCEPT_DEAL, POSITIVE, Processing Statement
106, 0, 7, 7, MAKE_DEAL, HUMAN_ACCEPT_DEAL, POSITIVE, Processing Immediately
106, 7, 0, 7, MAKE_DEAL, HUMAN_ACCEPT_DEAL, POSITIVE, Adding to pending
106, 7, 0, 7, MAKE_DEAL, HUMAN_ACCEPT_DEAL, POSITIVE, Processing Statement
106, 7, 0, 7, MAKE_DEAL, HUMAN_ACCEPT_DEAL, POSITIVE, Processing Immediately
107, 2, 6, ?, SET_DELEGATION, ffffffff, ?, Processing Action From AI to AI
108, 5, 1, -1, DIPLOMATIC_HIDDEN_AGENDA_KUDO, NONE, 00000000, Requesting Session (B)
108, 5, 1, ?, MAKE_PROMISE, ffffffff, ?, Processing Action From AI to AI
108, 5, 1, -1, DIPLOMATIC_HIDDEN_AGENDA_KUDO, NONE, INITIAL, Requesting session between two AIs!
108, 5, 1, -1, DIPLOMATIC_KUDO, NONE, 00000000, Requesting Session (B)
108, 5, 1, ?, MAKE_PROMISE, ffffffff, ?, Processing Action From AI to AI
108, 5, 1, -1, DIPLOMATIC_KUDO, NONE, INITIAL, Requesting session between two AIs!
108, 8, 9, -1, DIPLOMATIC_HIDDEN_AGENDA_WARNING, NONE, 00000000, Requesting Session (B)
108, 8, 9, ?, MAKE_PROMISE, ffffffff, ?, Processing Action From AI to AI
108, 8, 9, -1, DIPLOMATIC_HIDDEN_AGENDA_WARNING, NONE, INITIAL, Requesting session between two AIs!
108, 9, 8, -1, DIPLOMATIC_HIDDEN_AGENDA_WARNING, NONE, 00000000, Requesting Session (B)
108, 9, 8, ?, MAKE_PROMISE, ffffffff, ?, Processing Action From AI to AI
108, 9, 8, -1, DIPLOMATIC_HIDDEN_AGENDA_WARNING, NONE, INITIAL, Requesting session between two AIs!
109, 5, 2, -1, DIPLOMATIC_HIDDEN_AGENDA_WARNING, NONE, 00000000, Requesting Session (B)
109, 5, 2, ?, MAKE_PROMISE, ffffffff, ?, Processing Action From AI to AI
109, 5, 2, -1, DIPLOMATIC_HIDDEN_AGENDA_WARNING, NONE, INITIAL, Requesting session between two AIs!
110, 1, 3, -1, DIPLOMATIC_HIDDEN_AGENDA_KUDO, NONE, 00000000, Requesting Session (B)
110, 1, 3, ?, MAKE_PROMISE, ffffffff, ?, Processing Action From AI to AI
110, 1, 3, -1, DIPLOMATIC_HIDDEN_AGENDA_KUDO, NONE, INITIAL, Requesting session between two AIs!
110, 3, 1, -1, DIPLOMATIC_HIDDEN_AGENDA_KUDO, NONE, 00000000, Requesting Session (B)
110, 3, 1, ?, MAKE_PROMISE, ffffffff, ?, Processing Action From AI to AI
110, 3, 1, -1, DIPLOMATIC_HIDDEN_AGENDA_KUDO, NONE, INITIAL, Requesting session between two AIs!
110, 5, 8, -1, DIPLOMATIC_HIDDEN_AGENDA_KUDO, NONE, 00000000, Requesting Session (B)
110, 5, 8, ?, MAKE_PROMISE, ffffffff, ?, Processing Action From AI to AI
110, 5, 8, -1, DIPLOMATIC_HIDDEN_AGENDA_KUDO, NONE, INITIAL, Requesting session between two AIs!
110, 5, 8, -1, DIPLOMATIC_KUDO, NONE, 00000000, Requesting Session (B)
110, 5, 8, ?, MAKE_PROMISE, ffffffff, ?, Processing Action From AI to AI
110, 5, 8, -1, DIPLOMATIC_KUDO, NONE, INITIAL, Requesting session between two AIs!
110, 5, 8, ?, DECLARE_FRIEND, ffffffff, ?, Processing Action From AI to AI
110, 5, 0, -1, MAKE_DEAL, NONE, 00000000, Requesting Session (B)
110, 5, 0, 5, MAKE_DEAL, NONE, INITIAL, Adding to pending
110, 5, 0, 5, MAKE_DEAL, NONE, INITIAL, Processing Statement
110, 5, 0, 5, MAKE_DEAL, NONE, INITIAL, Processing Immediately
110, 0, 5, 5, MAKE_DEAL, NONE, NEGATIVE, Adding to pending
110, 0, 5, 5, MAKE_DEAL, NONE, NEGATIVE, Broadcasting
110, 0, 5, 5, MAKE_DEAL, NONE, NEGATIVE, Processing Statement
110, 0, 5, 5, MAKE_DEAL, NONE, NEGATIVE, Processing Immediately
110, 5, 0, 5, MAKE_DEAL, HUMAN_REFUSE_DEAL, NEGATIVE, Adding to pending
110, 5, 0, 5, MAKE_DEAL, HUMAN_REFUSE_DEAL, NEGATIVE, Processing Statement
110, 5, 0, 5, MAKE_DEAL, HUMAN_REFUSE_DEAL, NEGATIVE, Processing Immediately
110, 8, 5, -1, DIPLOMATIC_HIDDEN_AGENDA_WARNING, NONE, 00000000, Requesting Session (B)
110, 8, 5, ?, MAKE_PROMISE, ffffffff, ?, Processing Action From AI to AI
110, 8, 5, -1, DIPLOMATIC_HIDDEN_AGENDA_WARNING, NONE, INITIAL, Requesting session between two AIs!
110, 9, 6, -1, DIPLOMATIC_KUDO, NONE, 00000000, Requesting Session (B)
110, 9, 6, ?, MAKE_PROMISE, ffffffff, ?, Processing Action From AI to AI
110, 9, 6, -1, DIPLOMATIC_KUDO, NONE, INITIAL, Requesting session between two AIs!
111, 2, 6, ?, SET_DELEGATION, ffffffff, ?, Processing Action From AI to AI
111, 3, 1, ?, DENOUNCE, ffffffff, ?, Processing Action From AI to AI
111, 5, 7, -1, DIPLOMATIC_HIDDEN_AGENDA_KUDO, NONE, 00000000, Requesting Session (B)
111, 5, 7, ?, MAKE_PROMISE, ffffffff, ?, Processing Action From AI to AI
111, 5, 7, -1, DIPLOMATIC_HIDDEN_AGENDA_KUDO, NONE, INITIAL, Requesting session between two AIs!
111, 5, 7, -1, DIPLOMATIC_KUDO, NONE, 00000000, Requesting Session (B)
111, 5, 7, ?, MAKE_PROMISE, ffffffff, ?, Processing Action From AI to AI
111, 5, 7, -1, DIPLOMATIC_KUDO, NONE, INITIAL, Requesting session between two AIs!
111, 7, 5, -1, DIPLOMATIC_HIDDEN_AGENDA_WARNING, NONE, 00000000, Requesting Session (B)
111, 7, 5, ?, MAKE_PROMISE, ffffffff, ?, Processing Action From AI to AI
111, 7, 5, -1, DIPLOMATIC_HIDDEN_AGENDA_WARNING, NONE, INITIAL, Requesting session between two AIs!
111, 7, 9, ?, SET_DELEGATION, ffffffff, ?, Processing Action From AI to AI
112, 3, 6, -1, DIPLOMATIC_WARNING, NONE, 00000000, Requesting Session (B)
112, 3, 6, ?, MAKE_PROMISE, ffffffff, ?, Processing Action From AI to AI
112, 3, 6, -1, DIPLOMATIC_WARNING, NONE, INITIAL, Requesting session between two AIs!
112, 5, 0, -1, DIPLOMATIC_WARNING, NONE, 00000000, Requesting Session (B)
112, 5, 0, 5, DIPLOMATIC_WARNING, NONE, INITIAL, Adding to pending
112, 5, 0, 5, DIPLOMATIC_WARNING, NONE, INITIAL, Processing Statement
112, 5, 0, 5, DIPLOMATIC_WARNING, NONE, INITIAL, Processing Immediately
112, 6, 3, -1, DIPLOMATIC_KUDO, NONE, 00000000, Requesting Session (B)
112, 6, 3, ?, MAKE_PROMISE, ffffffff, ?, Processing Action From AI to AI
112, 6, 3, -1, DIPLOMATIC_KUDO, NONE, INITIAL, Requesting session between two AIs!
112, 7, 5, ?, SET_DELEGATION, ffffffff, ?, Processing Action From AI to AI
113, 2, 5, ?, SET_EMBASSY, ffffffff, ?, Processing Action From AI to AI
113, 5, 4, -1, WARNING_DONT_SETTLE_NEAR_ME, NONE, 00000000, Requesting Session (B)
113, 5, 4, ?, MAKE_PROMISE, fadf5055, ?, Processing Action From AI to AI
113, 5, 4, -1, WARNING_DONT_SETTLE_NEAR_ME, NONE, INITIAL, Requesting session between two AIs!
113, 5, 4, -1, DIPLOMATIC_KUDO, NONE, 00000000, Requesting Session (B)
113, 5, 4, ?, MAKE_PROMISE, ffffffff, ?, Processing Action From AI to AI
113, 5, 4, -1, DIPLOMATIC_KUDO, NONE, INITIAL, Requesting session between two AIs!
114, 5, 4, -1, DIPLOMATIC_HIDDEN_AGENDA_WARNING, NONE, 00000000, Requesting Session (B)
114, 5, 4, ?, MAKE_PROMISE, ffffffff, ?, Processing Action From AI to AI
114, 5, 4, -1, DIPLOMATIC_HIDDEN_AGENDA_WARNING, NONE, INITIAL, Requesting session between two AIs!
114, 5, 8, ?, SET_EMBASSY, ffffffff, ?, Processing Action From AI to AI
114, 2, 9, -1, DIPLOMATIC_HIDDEN_AGENDA_WARNING, NONE, 00000000, Requesting Session (B)
114, 2, 9, ?, MAKE_PROMISE, ffffffff, ?, Processing Action From AI to AI
114, 2, 9, -1, DIPLOMATIC_HIDDEN_AGENDA_WARNING, NONE, INITIAL, Requesting session between two AIs!
114, 9, 2, -1, DIPLOMATIC_HIDDEN_AGENDA_WARNING, NONE, 00000000, Requesting Session (B)
114, 9, 2, ?, MAKE_PROMISE, ffffffff, ?, Processing Action From AI to AI
114, 9, 2, -1, DIPLOMATIC_HIDDEN_AGENDA_WARNING, NONE, INITIAL, Requesting session between two AIs!
114, 4, 9, -1, DIPLOMATIC_HIDDEN_AGENDA_WARNING, NONE, 00000000, Requesting Session (B)
114, 4, 9, ?, MAKE_PROMISE, ffffffff, ?, Processing Action From AI to AI
114, 4, 9, -1, DIPLOMATIC_HIDDEN_AGENDA_WARNING, NONE, INITIAL, Requesting session between two AIs!
114, 9, 4, -1, DIPLOMATIC_HIDDEN_AGENDA_WARNING, NONE, 00000000, Requesting Session (B)
114, 9, 4, ?, MAKE_PROMISE, ffffffff, ?, Processing Action From AI to AI
114, 9, 4, -1, DIPLOMATIC_HIDDEN_AGENDA_WARNING, NONE, INITIAL, Requesting session between two AIs!
115, 3, 7, -1, DIPLOMATIC_HIDDEN_AGENDA_WARNING, NONE, 00000000, Requesting Session (B)
115, 3, 7, ?, MAKE_PROMISE, ffffffff, ?, Processing Action From AI to AI
115, 3, 7, -1, DIPLOMATIC_HIDDEN_AGENDA_WARNING, NONE, INITIAL, Requesting session between two AIs!
115, 7, 3, -1, DIPLOMATIC_HIDDEN_AGENDA_WARNING, NONE, 00000000, Requesting Session (B)
115, 7, 3, ?, MAKE_PROMISE, ffffffff, ?, Processing Action From AI to AI
115, 7, 3, -1, DIPLOMATIC_HIDDEN_AGENDA_WARNING, NONE, INITIAL, Requesting session between two AIs!
116, 6, 0, -1, DIPLOMATIC_HIDDEN_AGENDA_WARNING, NONE, 00000000, Requesting Session (B)
116, 6, 0, 6, DIPLOMATIC_HIDDEN_AGENDA_WARNING, NONE, INITIAL, Adding to pending
116, 6, 0, 6, DIPLOMATIC_HIDDEN_AGENDA_WARNING, NONE, INITIAL, Processing Statement
116, 6, 0, 6, DIPLOMATIC_HIDDEN_AGENDA_WARNING, NONE, INITIAL, Processing Immediately
116, 9, 7, -1, DIPLOMATIC_WARNING, NONE, 00000000, Requesting Session (B)
116, 9, 7, ?, MAKE_PROMISE, ffffffff, ?, Processing Action From AI to AI
116, 9, 7, -1, DIPLOMATIC_WARNING, NONE, INITIAL, Requesting session between two AIs!
116, 9, 4, ?, DENOUNCE, ffffffff, ?, Processing Action From AI to AI
117, 0, 5, -1, DIPLOMATIC_DELEGATION, NONE, INITIAL, Requesting Session (A)
117, 0, 5, 0, DIPLOMATIC_DELEGATION, NONE, INITIAL, Adding to pending
117, 0, 5, 0, DIPLOMATIC_DELEGATION, NONE, INITIAL, Broadcasting
117, 0, 5, 0, DIPLOMATIC_DELEGATION, NONE, INITIAL, Processing Statement
117, 0, 5, 0, DIPLOMATIC_DELEGATION, NONE, INITIAL, Processing Immediately
117, 5, 0, 0, DIPLOMATIC_DELEGATION, AI_REFUSE_DEAL, NEGATIVE, Adding to pending
117, 5, 0, 0, DIPLOMATIC_DELEGATION, AI_REFUSE_DEAL, NEGATIVE, Processing Statement
117, 5, 0, 0, DIPLOMATIC_DELEGATION, AI_REFUSE_DEAL, NEGATIVE, Processing Immediately
117, 0, 3, -1, DIPLOMATIC_DELEGATION, NONE, INITIAL, Requesting Session (A)
117, 0, 3, 0, DIPLOMATIC_DELEGATION, NONE, INITIAL, Adding to pending
117, 0, 3, 0, DIPLOMATIC_DELEGATION, NONE, INITIAL, Broadcasting
117, 0, 3, 0, DIPLOMATIC_DELEGATION, NONE, INITIAL, Processing Statement
117, 0, 3, 0, DIPLOMATIC_DELEGATION, NONE, INITIAL, Processing Immediately
117, 3, 0, 0, DIPLOMATIC_DELEGATION, AI_REFUSE_DEAL, NEGATIVE, Adding to pending
117, 3, 0, 0, DIPLOMATIC_DELEGATION, AI_REFUSE_DEAL, NEGATIVE, Processing Statement
117, 3, 0, 0, DIPLOMATIC_DELEGATION, AI_REFUSE_DEAL, NEGATIVE, Processing Immediately
117, 0, 6, -1, DIPLOMATIC_DELEGATION, NONE, INITIAL, Requesting Session (A)
117, 0, 6, 0, DIPLOMATIC_DELEGATION, NONE, INITIAL, Adding to pending
117, 0, 6, 0, DIPLOMATIC_DELEGATION, NONE, INITIAL, Broadcasting
117, 0, 6, 0, DIPLOMATIC_DELEGATION, NONE, INITIAL, Processing Statement
117, 0, 6, 0, DIPLOMATIC_DELEGATION, NONE, INITIAL, Processing Immediately
117, 6, 0, 0, DIPLOMATIC_DELEGATION, AI_REFUSE_DEAL, NEGATIVE, Adding to pending
117, 6, 0, 0, DIPLOMATIC_DELEGATION, AI_REFUSE_DEAL, NEGATIVE, Processing Statement
117, 6, 0, 0, DIPLOMATIC_DELEGATION, AI_REFUSE_DEAL, NEGATIVE, Processing Immediately
117, 0, 7, -1, DIPLOMATIC_DELEGATION, NONE, INITIAL, Requesting Session (A)
117, 0, 7, 0, DIPLOMATIC_DELEGATION, NONE, INITIAL, Adding to pending
117, 0, 7, 0, DIPLOMATIC_DELEGATION, NONE, INITIAL, Broadcasting
117, 0, 7, 0, DIPLOMATIC_DELEGATION, NONE, INITIAL, Processing Statement
117, 0, 7, 0, DIPLOMATIC_DELEGATION, NONE, INITIAL, Processing Immediately
117, 7, 0, 0, DIPLOMATIC_DELEGATION, AI_REFUSE_DEAL, NEGATIVE, Adding to pending
117, 7, 0, 0, DIPLOMATIC_DELEGATION, AI_REFUSE_DEAL, NEGATIVE, Processing Statement
117, 7, 0, 0, DIPLOMATIC_DELEGATION, AI_REFUSE_DEAL, NEGATIVE, Processing Immediately
118, 8, 9, -1, DIPLOMATIC_KUDO, NONE, 00000000, Requesting Session (B)
118, 8, 9, ?, MAKE_PROMISE, ffffffff, ?, Processing Action From AI to AI
118, 8, 9, -1, DIPLOMATIC_KUDO, NONE, INITIAL, Requesting session between two AIs!
118, 9, 8, -1, DIPLOMATIC_WARNING, NONE, 00000000, Requesting Session (B)
118, 9, 8, ?, MAKE_PROMISE, ffffffff, ?, Processing Action From AI to AI
118, 9, 8, -1, DIPLOMATIC_WARNING, NONE, INITIAL, Requesting session between two AIs!
119, 9, 3, -1, DIPLOMATIC_HIDDEN_AGENDA_KUDO, NONE, 00000000, Requesting Session (B)
119, 9, 3, ?, MAKE_PROMISE, ffffffff, ?, Processing Action From AI to AI
119, 9, 3, -1, DIPLOMATIC_HIDDEN_AGENDA_KUDO, NONE, INITIAL, Requesting session between two AIs!
119, 2, 6, -1, DIPLOMATIC_HIDDEN_AGENDA_KUDO, NONE, 00000000, Requesting Session (B)
119, 2, 6, ?, MAKE_PROMISE, ffffffff, ?, Processing Action From AI to AI
119, 2, 6, -1, DIPLOMATIC_HIDDEN_AGENDA_KUDO, NONE, INITIAL, Requesting session between two AIs!
119, 2, 5, -1, DIPLOMATIC_HIDDEN_AGENDA_KUDO, NONE, 00000000, Requesting Session (B)
119, 2, 5, ?, MAKE_PROMISE, ffffffff, ?, Processing Action From AI to AI
119, 2, 5, -1, DIPLOMATIC_HIDDEN_AGENDA_KUDO, NONE, INITIAL, Requesting session between two AIs!
119, 8, 9, ?, SET_EMBASSY, ffffffff, ?, Processing Action From AI to AI
119, 8, 1, -1, DIPLOMATIC_WARNING, NONE, 00000000, Requesting Session (B)
119, 8, 1, ?, MAKE_PROMISE, ffffffff, ?, Processing Action From AI to AI
119, 8, 1, -1, DIPLOMATIC_WARNING, NONE, INITIAL, Requesting session between two AIs!
120, 3, 1, -1, DIPLOMATIC_KUDO, NONE, 00000000, Requesting Session (B)
120, 3, 1, ?, MAKE_PROMISE, ffffffff, ?, Processing Action From AI to AI
120, 3, 1, -1, DIPLOMATIC_KUDO, NONE, INITIAL, Requesting session between two AIs!
120, 7, 5, ?, SET_EMBASSY, ffffffff, ?, Processing Action From AI to AI
120, 9, 3, -1, DIPLOMATIC_WARNING, NONE, 00000000, Requesting Session (B)
120, 9, 3, ?, MAKE_PROMISE, ffffffff, ?, Processing Action From AI to AI
120, 9, 3, -1, DIPLOMATIC_WARNING, NONE, INITIAL, Requesting session between two AIs!
120, 9, 0, -1, DIPLOMATIC_HIDDEN_AGENDA_WARNING, NONE, 00000000, Requesting Session (B)
120, 9, 0, 9, DIPLOMATIC_HIDDEN_AGENDA_WARNING, NONE, INITIAL, Adding to pending
120, 9, 0, 9, DIPLOMATIC_HIDDEN_AGENDA_WARNING, NONE, INITIAL, Processing Statement
120, 9, 0, 9, DIPLOMATIC_HIDDEN_AGENDA_WARNING, NONE, INITIAL, Processing Immediately
121, 2, 9, ?, SET_EMBASSY, ffffffff, ?, Processing Action From AI to AI
121, 4, 5, -1, DIPLOMATIC_HIDDEN_AGENDA_WARNING, NONE, 00000000, Requesting Session (B)
121, 4, 5, ?, MAKE_PROMISE, ffffffff, ?, Processing Action From AI to AI
121, 4, 5, -1, DIPLOMATIC_HIDDEN_AGENDA_WARNING, NONE, INITIAL, Requesting session between two AIs!
121, 7, 3, ?, SET_EMBASSY, ffffffff, ?, Processing Action From AI to AI
122, 1, 9, -1, DIPLOMATIC_KUDO, NONE, 00000000, Requesting Session (B)
122, 1, 9, ?, MAKE_PROMISE, ffffffff, ?, Processing Action From AI to AI
122, 1, 9, -1, DIPLOMATIC_KUDO, NONE, INITIAL, Requesting session between two AIs!
122, 1, 9, -1, DIPLOMATIC_HIDDEN_AGENDA_WARNING, NONE, 00000000, Requesting Session (B)
122, 1, 9, ?, MAKE_PROMISE, ffffffff, ?, Processing Action From AI to AI
122, 1, 9, -1, DIPLOMATIC_HIDDEN_AGENDA_WARNING, NONE, INITIAL, Requesting session between two AIs!
122, 4, 8, -1, DIPLOMATIC_HIDDEN_AGENDA_WARNING, NONE, 00000000, Requesting Session (B)
122, 4, 8, ?, MAKE_PROMISE, ffffffff, ?, Processing Action From AI to AI
122, 4, 8, -1, DIPLOMATIC_HIDDEN_AGENDA_WARNING, NONE, INITIAL, Requesting session between two AIs!
123, 5, 2, ?, SET_EMBASSY, ffffffff, ?, Processing Action From AI to AI
123, 5, 7, ?, SET_EMBASSY, ffffffff, ?, Processing Action From AI to AI
123, 9, 1, ?, DENOUNCE, ffffffff, ?, Processing Action From AI to AI
124, 3, 9, -1, WARNING_DONT_SETTLE_NEAR_ME, NONE, 00000000, Requesting Session (B)
124, 3, 9, ?, MAKE_PROMISE, fadf5055, ?, Processing Action From AI to AI
124, 3, 9, -1, WARNING_DONT_SETTLE_NEAR_ME, NONE, INITIAL, Requesting session between two AIs!
124, 4, 9, -1, DIPLOMATIC_WARNING, NONE, 00000000, Requesting Session (B)
124, 4, 9, ?, MAKE_PROMISE, ffffffff, ?, Processing Action From AI to AI
124, 4, 9, -1, DIPLOMATIC_WARNING, NONE, INITIAL, Requesting session between two AIs!
124, 9, 2, -1, DIPLOMATIC_KUDO, NONE, 00000000, Requesting Session (B)
124, 9, 2, ?, MAKE_PROMISE, ffffffff, ?, Processing Action From AI to AI
124, 9, 2, -1, DIPLOMATIC_KUDO, NONE, INITIAL, Requesting session between two AIs!
124, 9, 4, -1, DIPLOMATIC_KUDO, NONE, 00000000, Requesting Session (B)
124, 9, 4, ?, MAKE_PROMISE, ffffffff, ?, Processing Action From AI to AI
124, 9, 4, -1, DIPLOMATIC_KUDO, NONE, INITIAL, Requesting session between two AIs!
125, 2, 9, ?, SET_EMBASSY, ffffffff, ?, Processing Action From AI to AI
125, 3, 7, -1, DIPLOMATIC_KUDO, NONE, 00000000, Requesting Session (B)
125, 3, 7, ?, MAKE_PROMISE, ffffffff, ?, Processing Action From AI to AI
125, 3, 7, -1, DIPLOMATIC_KUDO, NONE, INITIAL, Requesting session between two AIs!
125, 8, 9, ?, SET_EMBASSY, ffffffff, ?, Processing Action From AI to AI
126, 7, 0, -1, DIPLOMATIC_HIDDEN_AGENDA_WARNING, NONE, 00000000, Requesting Session (B)
126, 7, 0, 7, DIPLOMATIC_HIDDEN_AGENDA_WARNING, NONE, INITIAL, Adding to pending
126, 7, 0, 7, DIPLOMATIC_HIDDEN_AGENDA_WARNING, NONE, INITIAL, Processing Statement
126, 7, 0, 7, DIPLOMATIC_HIDDEN_AGENDA_WARNING, NONE, INITIAL, Processing Immediately
127, 2, 0, -1, FIRST_MEET_NEAR_INITIATOR, NONE, 00000000, Requesting Session (B)
127, 2, 0, 2, FIRST_MEET_NEAR_INITIATOR, NONE, INITIAL, Adding to pending
127, 2, 8, -1, DIPLOMATIC_HIDDEN_AGENDA_KUDO, NONE, 00000000, Requesting Session (B)
127, 2, 8, ?, MAKE_PROMISE, ffffffff, ?, Processing Action From AI to AI
127, 2, 8, -1, DIPLOMATIC_HIDDEN_AGENDA_KUDO, NONE, INITIAL, Requesting session between two AIs!
127, 8, 2, -1, DIPLOMATIC_HIDDEN_AGENDA_KUDO, NONE, 00000000, Requesting Session (B)
127, 8, 2, ?, MAKE_PROMISE, ffffffff, ?, Processing Action From AI to AI
127, 8, 2, -1, DIPLOMATIC_HIDDEN_AGENDA_KUDO, NONE, INITIAL, Requesting session between two AIs!
127, 2, 7, -1, DIPLOMATIC_HIDDEN_AGENDA_WARNING, NONE, 00000000, Requesting Session (B)
127, 2, 7, ?, MAKE_PROMISE, ffffffff, ?, Processing Action From AI to AI
127, 2, 7, -1, DIPLOMATIC_HIDDEN_AGENDA_WARNING, NONE, INITIAL, Requesting session between two AIs!
127, 7, 2, -1, DIPLOMATIC_HIDDEN_AGENDA_WARNING, NONE, 00000000, Requesting Session (B)
127, 7, 2, ?, MAKE_PROMISE, ffffffff, ?, Processing Action From AI to AI
127, 7, 2, -1, DIPLOMATIC_HIDDEN_AGENDA_WARNING, NONE, INITIAL, Requesting session between two AIs!
127, 2, 0, 2, FIRST_MEET_NEAR_INITIATOR, NONE, INITIAL, Processing Statement
127, 2, 0, 2, FIRST_MEET_NEAR_INITIATOR, NONE, INITIAL, Processing Immediately
127, 4, 8, -1, DIPLOMATIC_HIDDEN_AGENDA_WARNING, NONE, 00000000, Requesting Session (B)
127, 4, 8, ?, MAKE_PROMISE, ffffffff, ?, Processing Action From AI to AI
127, 4, 8, -1, DIPLOMATIC_HIDDEN_AGENDA_WARNING, NONE, INITIAL, Requesting session between two AIs!
127, 8, 6, -1, DIPLOMATIC_HIDDEN_AGENDA_KUDO, NONE, 00000000, Requesting Session (B)
127, 8, 6, ?, MAKE_PROMISE, ffffffff, ?, Processing Action From AI to AI
127, 8, 6, -1, DIPLOMATIC_HIDDEN_AGENDA_KUDO, NONE, INITIAL, Requesting session between two AIs!
128, 2, 0, -1, MAKE_DEAL, NONE, 00000000, Requesting Session (B)
128, 2, 0, 2, MAKE_DEAL, NONE, INITIAL, Adding to pending
128, 2, 0, 2, MAKE_DEAL, NONE, INITIAL, Processing Statement
128, 2, 0, 2, MAKE_DEAL, NONE, INITIAL, Processing Immediately
128, 0, 2, 2, MAKE_DEAL, NONE, NEGATIVE, Adding to pending
128, 0, 2, 2, MAKE_DEAL, NONE, NEGATIVE, Broadcasting
128, 0, 2, 2, MAKE_DEAL, NONE, NEGATIVE, Processing Statement
128, 0, 2, 2, MAKE_DEAL, NONE, NEGATIVE, Processing Immediately
128, 2, 0, 2, MAKE_DEAL, HUMAN_REFUSE_DEAL, NEGATIVE, Adding to pending
128, 2, 0, 2, MAKE_DEAL, HUMAN_REFUSE_DEAL, NEGATIVE, Processing Statement
128, 2, 0, 2, MAKE_DEAL, HUMAN_REFUSE_DEAL, NEGATIVE, Processing Immediately
128, 5, 7, -1, DIPLOMATIC_HIDDEN_AGENDA_WARNING, NONE, 00000000, Requesting Session (B)
128, 5, 7, ?, MAKE_PROMISE, ffffffff, ?, Processing Action From AI to AI
128, 5, 7, -1, DIPLOMATIC_HIDDEN_AGENDA_WARNING, NONE, INITIAL, Requesting session between two AIs!
128, 7, 1, -1, DIPLOMATIC_HIDDEN_AGENDA_KUDO, NONE, 00000000, Requesting Session (B)
128, 7, 1, ?, MAKE_PROMISE, ffffffff, ?, Processing Action From AI to AI
128, 7, 1, -1, DIPLOMATIC_HIDDEN_AGENDA_KUDO, NONE, INITIAL, Requesting session between two AIs!
129, 8, 1, ?, DENOUNCE, ffffffff, ?, Processing Action From AI to AI
131, 1, 8, -1, DIPLOMATIC_WARNING, NONE, 00000000, Requesting Session (B)
131, 1, 8, ?, MAKE_PROMISE, ffffffff, ?, Processing Action From AI to AI
131, 1, 8, -1, DIPLOMATIC_WARNING, NONE, INITIAL, Requesting session between two AIs!
131, 2, 9, ?, SET_EMBASSY, ffffffff, ?, Processing Action From AI to AI
131, 6, 4, ?, DENOUNCE, ffffffff, ?, Processing Action From AI to AI
132, 3, 15, ?, SET_WAR_STATE, ffffffff, ?, Processing Action From AI to AI
132, 4, 6, -1, DIPLOMATIC_WARNING, NONE, 00000000, Requesting Session (B)
132, 4, 6, ?, MAKE_PROMISE, ffffffff, ?, Processing Action From AI to AI
132, 4, 6, -1, DIPLOMATIC_WARNING, NONE, INITIAL, Requesting session between two AIs!
132, 6, 3, -1, DIPLOMATIC_HIDDEN_AGENDA_WARNING, NONE, 00000000, Requesting Session (B)
132, 6, 3, ?, MAKE_PROMISE, ffffffff, ?, Processing Action From AI to AI
132, 6, 3, -1, DIPLOMATIC_HIDDEN_AGENDA_WARNING, NONE, INITIAL, Requesting session between two AIs!
132, 6, 1, ?, DENOUNCE, ffffffff, ?, Processing Action From AI to AI
132, 8, 9, ?, SET_EMBASSY, ffffffff, ?, Processing Action From AI to AI
132, 9, 1, -1, DIPLOMATIC_WARNING, NONE, 00000000, Requesting Session (B)
132, 9, 1, ?, MAKE_PROMISE, ffffffff, ?, Processing Action From AI to AI
132, 9, 1, -1, DIPLOMATIC_WARNING, NONE, INITIAL, Requesting session between two AIs!
133, 6, 9, -1, DIPLOMATIC_HIDDEN_AGENDA_KUDO, NONE, 00000000, Requesting Session (B)
133, 6, 9, ?, MAKE_PROMISE, ffffffff, ?, Processing Action From AI to AI
133, 6, 9, -1, DIPLOMATIC_HIDDEN_AGENDA_KUDO, NONE, INITIAL, Requesting session between two AIs!
133, 5, 9, -1, DIPLOMATIC_HIDDEN_AGENDA_WARNING, NONE, 00000000, Requesting Session (B)
133, 5, 9, ?, MAKE_PROMISE, ffffffff, ?, Processing Action From AI to AI
133, 5, 9, -1, DIPLOMATIC_HIDDEN_AGENDA_WARNING, NONE, INITIAL, Requesting session between two AIs!
133, 9, 5, -1, DIPLOMATIC_HIDDEN_AGENDA_WARNING, NONE, 00000000, Requesting Session (B)
133, 9, 5, ?, MAKE_PROMISE, ffffffff, ?, Processing Action From AI to AI
133, 9, 5, -1, DIPLOMATIC_HIDDEN_AGENDA_WARNING, NONE, INITIAL, Requesting session between two AIs!
134, 5, 0, -1, MAKE_DEAL, NONE, 00000000, Requesting Session (B)
134, 5, 0, 5, MAKE_DEAL, NONE, INITIAL, Adding to pending
134, 5, 0, 5, MAKE_DEAL, NONE, INITIAL, Processing Statement
134, 5, 0, 5, MAKE_DEAL, NONE, INITIAL, Processing Immediately
134, 0, 5, 5, MAKE_DEAL, NONE, NEGATIVE, Adding to pending
134, 0, 5, 5, MAKE_DEAL, NONE, NEGATIVE, Broadcasting
134, 0, 5, 5, MAKE_DEAL, NONE, NEGATIVE, Processing Statement
134, 0, 5, 5, MAKE_DEAL, NONE, NEGATIVE, Processing Immediately
134, 5, 0, 5, MAKE_DEAL, HUMAN_REFUSE_DEAL, NEGATIVE, Adding to pending
134, 5, 0, 5, MAKE_DEAL, HUMAN_REFUSE_DEAL, NEGATIVE, Processing Statement
134, 5, 0, 5, MAKE_DEAL, HUMAN_REFUSE_DEAL, NEGATIVE, Processing Immediately
135, 1, 7, -1, DIPLOMATIC_WARNING, NONE, 00000000, Requesting Session (B)
135, 1, 7, ?, MAKE_PROMISE, ffffffff, ?, Processing Action From AI to AI
135, 1, 7, -1, DIPLOMATIC_WARNING, NONE, INITIAL, Requesting session between two AIs!
135, 1, 0, -1, FIRST_MEET_NO_MANS, NONE, 00000000, Requesting Session (B)
135, 1, 0, 1, FIRST_MEET_NO_MANS, NONE, INITIAL, Adding to pending
135, 1, 0, -1, DIPLOMATIC_WARNING, NONE, 00000000, Requesting Session (B)
135, 1, 0, -1, DIPLOMATIC_WARNING, NONE, 00000000, Already has open session!
135, 1, 0, 1, FIRST_MEET_NO_MANS, NONE, INITIAL, Processing Statement
135, 1, 0, 1, FIRST_MEET_NO_MANS, NONE, INITIAL, Processing Immediately
135, 0, 1, 1, FIRST_MEET_NO_MANS, NONE, POSITIVE, Adding to pending
135, 0, 1, 1, FIRST_MEET_NO_MANS, NONE, POSITIVE, Broadcasting
135, 0, 1, 1, FIRST_MEET_NO_MANS, NONE, POSITIVE, Processing Statement
135, 0, 1, 1, FIRST_MEET_NO_MANS, NONE, POSITIVE, Processing Immediately
135, 1, 0, 1, FIRST_MEET_NO_MANS_INFO_EXCHANGE, NONE, 00000000, Adding to pending
135, 1, 0, 1, FIRST_MEET_NO_MANS_INFO_EXCHANGE, NONE, 00000000, Processing Statement
135, 1, 0, 1, FIRST_MEET_NO_MANS_INFO_EXCHANGE, NONE, 00000000, Processing Immediately
135, 0, 1, 1, FIRST_MEET_NO_MANS_INFO_EXCHANGE, NONE, POSITIVE, Adding to pending
135, 0, 1, 1, FIRST_MEET_NO_MANS_INFO_EXCHANGE, NONE, POSITIVE, Broadcasting
135, 0, 1, 1, FIRST_MEET_NO_MANS_INFO_EXCHANGE, NONE, POSITIVE, Processing Statement
135, 0, 1, 1, FIRST_MEET_NO_MANS_INFO_EXCHANGE, NONE, POSITIVE, Processing Immediately
135, 0, 1, ?, STATEMENT_RESULT, ffffffff, ?, Sending Action
135, 1, 0, ?, ?, ?, ?, Closing Session
135, 0, 1, ?, STATEMENT_RESULT, ffffffff, ?, Processing Action
135, 5, 7, -1, DIPLOMATIC_HIDDEN_AGENDA_KUDO, NONE, 00000000, Requesting Session (B)
135, 5, 7, ?, MAKE_PROMISE, ffffffff, ?, Processing Action From AI to AI
135, 5, 7, -1, DIPLOMATIC_HIDDEN_AGENDA_KUDO, NONE, INITIAL, Requesting session between two AIs!
135, 5, 9, ?, SET_EMBASSY, ffffffff, ?, Processing Action From AI to AI
135, 7, 8, -1, DIPLOMATIC_HIDDEN_AGENDA_WARNING, NONE, 00000000, Requesting Session (B)
135, 7, 8, ?, MAKE_PROMISE, ffffffff, ?, Processing Action From AI to AI
135, 7, 8, -1, DIPLOMATIC_HIDDEN_AGENDA_WARNING, NONE, INITIAL, Requesting session between two AIs!
135, 8, 7, -1, DIPLOMATIC_HIDDEN_AGENDA_WARNING, NONE, 00000000, Requesting Session (B)
135, 8, 7, ?, MAKE_PROMISE, ffffffff, ?, Processing Action From AI to AI
135, 8, 7, -1, DIPLOMATIC_HIDDEN_AGENDA_WARNING, NONE, INITIAL, Requesting session between two AIs!
136, 1, 0, -1, DIPLOMATIC_WARNING, NONE, 00000000, Requesting Session (B)
136, 1, 0, 1, DIPLOMATIC_WARNING, NONE, INITIAL, Adding to pending
136, 1, 0, 1, DIPLOMATIC_WARNING, NONE, INITIAL, Processing Statement
136, 1, 0, 1, DIPLOMATIC_WARNING, NONE, INITIAL, Processing Immediately
136, 7, 9, -1, DIPLOMATIC_HIDDEN_AGENDA_WARNING, NONE, 00000000, Requesting Session (B)
136, 7, 9, ?, MAKE_PROMISE, ffffffff, ?, Processing Action From AI to AI
136, 7, 9, -1, DIPLOMATIC_HIDDEN_AGENDA_WARNING, NONE, INITIAL, Requesting session between two AIs!
136, 9, 24, ?, SET_WAR_STATE, ffffffff, ?, Processing Action From AI to AI
137, 1, 0, -1, MAKE_DEAL, NONE, 00000000, Requesting Session (B)
137, 1, 0, 1, MAKE_DEAL, NONE, INITIAL, Adding to pending
137, 1, 0, 1, MAKE_DEAL, NONE, INITIAL, Processing Statement
137, 1, 0, 1, MAKE_DEAL, NONE, INITIAL, Processing Immediately
137, 0, 1, 1, MAKE_DEAL, NONE, NEGATIVE, Adding to pending
137, 0, 1, 1, MAKE_DEAL, NONE, NEGATIVE, Broadcasting
137, 0, 1, 1, MAKE_DEAL, NONE, NEGATIVE, Processing Statement
137, 0, 1, 1, MAKE_DEAL, NONE, NEGATIVE, Processing Immediately
137, 1, 0, 1, MAKE_DEAL, HUMAN_REFUSE_DEAL, NEGATIVE, Adding to pending
137, 1, 0, 1, MAKE_DEAL, HUMAN_REFUSE_DEAL, NEGATIVE, Processing Statement
137, 1, 0, 1, MAKE_DEAL, HUMAN_REFUSE_DEAL, NEGATIVE, Processing Immediately
137, 2, 0, -1, DIPLOMATIC_WARNING, NONE, 00000000, Requesting Session (B)
137, 2, 0, 2, DIPLOMATIC_WARNING, NONE, INITIAL, Adding to pending
137, 2, 7, -1, DIPLOMATIC_WARNING, NONE, 00000000, Requesting Session (B)
137, 2, 7, ?, MAKE_PROMISE, ffffffff, ?, Processing Action From AI to AI
137, 2, 7, -1, DIPLOMATIC_WARNING, NONE, INITIAL, Requesting session between two AIs!
137, 2, 8, -1, DIPLOMATIC_WARNING, NONE, 00000000, Requesting Session (B)
137, 2, 8, ?, MAKE_PROMISE, ffffffff, ?, Processing Action From AI to AI
137, 2, 8, -1, DIPLOMATIC_WARNING, NONE, INITIAL, Requesting session between two AIs!
137, 2, 0, 2, DIPLOMATIC_WARNING, NONE, INITIAL, Processing Statement
137, 2, 0, 2, DIPLOMATIC_WARNING, NONE, INITIAL, Processing Immediately
137, 8, 2, -1, DIPLOMATIC_KUDO, NONE, 00000000, Requesting Session (B)
137, 8, 2, ?, MAKE_PROMISE, ffffffff, ?, Processing Action From AI to AI
137, 8, 2, -1, DIPLOMATIC_KUDO, NONE, INITIAL, Requesting session between two AIs!
138, 3, 9, ?, DENOUNCE, ffffffff, ?, Processing Action From AI to AI
138, 8, 9, -1, DIPLOMATIC_HIDDEN_AGENDA_KUDO, NONE, 00000000, Requesting Session (B)
138, 8, 9, ?, MAKE_PROMISE, ffffffff, ?, Processing Action From AI to AI
138, 8, 9, -1, DIPLOMATIC_HIDDEN_AGENDA_KUDO, NONE, INITIAL, Requesting session between two AIs!
138, 9, 8, -1, DIPLOMATIC_HIDDEN_AGENDA_KUDO, NONE, 00000000, Requesting Session (B)
138, 9, 8, ?, MAKE_PROMISE, ffffffff, ?, Processing Action From AI to AI
138, 9, 8, -1, DIPLOMATIC_HIDDEN_AGENDA_KUDO, NONE, INITIAL, Requesting session between two AIs!
138, 9, 6, ?, SET_EMBASSY, ffffffff, ?, Processing Action From AI to AI
139, 2, 0, -1, MAKE_DEAL, NONE, 00000000, Requesting Session (B)
139, 2, 0, 2, MAKE_DEAL, NONE, INITIAL, Adding to pending
139, 2, 0, 2, MAKE_DEAL, NONE, INITIAL, Processing Statement
139, 2, 0, 2, MAKE_DEAL, NONE, INITIAL, Processing Immediately
139, 0, 2, 2, MAKE_DEAL, NONE, NEGATIVE, Adding to pending
139, 0, 2, 2, MAKE_DEAL, NONE, NEGATIVE, Broadcasting
139, 0, 2, 2, MAKE_DEAL, NONE, NEGATIVE, Processing Statement
139, 0, 2, 2, MAKE_DEAL, NONE, NEGATIVE, Processing Immediately
139, 2, 0, 2, MAKE_DEAL, HUMAN_REFUSE_DEAL, NEGATIVE, Adding to pending
139, 2, 0, 2, MAKE_DEAL, HUMAN_REFUSE_DEAL, NEGATIVE, Processing Statement
139, 2, 0, 2, MAKE_DEAL, HUMAN_REFUSE_DEAL, NEGATIVE, Processing Immediately
139, 5, 0, -1, DIPLOMATIC_WARNING, NONE, 00000000, Requesting Session (B)
139, 5, 0, 5, DIPLOMATIC_WARNING, NONE, INITIAL, Adding to pending
139, 5, 0, -1, DIPLOMATIC_HIDDEN_AGENDA_KUDO, NONE, 00000000, Requesting Session (B)
139, 5, 0, -1, DIPLOMATIC_HIDDEN_AGENDA_KUDO, NONE, 00000000, Already has open session!
139, 5, 7, -1, DIPLOMATIC_HIDDEN_AGENDA_KUDO, NONE, 00000000, Requesting Session (B)
139, 5, 7, ?, MAKE_PROMISE, ffffffff, ?, Processing Action From AI to AI
139, 5, 7, -1, DIPLOMATIC_HIDDEN_AGENDA_KUDO, NONE, INITIAL, Requesting session between two AIs!
139, 5, 0, -1, DIPLOMATIC_HIDDEN_AGENDA_KUDO, NONE, 00000000, Requesting Session (B)
139, 5, 0, -1, DIPLOMATIC_HIDDEN_AGENDA_KUDO, NONE, 00000000, Already has open session!
139, 5, 0, 5, DIPLOMATIC_WARNING, NONE, INITIAL, Processing Statement
139, 5, 0, 5, DIPLOMATIC_WARNING, NONE, INITIAL, Processing Immediately
140, 1, 5, -1, DIPLOMATIC_HIDDEN_AGENDA_WARNING, NONE, 00000000, Requesting Session (B)
140, 1, 5, ?, MAKE_PROMISE, ffffffff, ?, Processing Action From AI to AI
140, 1, 5, -1, DIPLOMATIC_HIDDEN_AGENDA_WARNING, NONE, INITIAL, Requesting session between two AIs!
140, 1, 8, -1, DIPLOMATIC_HIDDEN_AGENDA_WARNING, NONE, 00000000, Requesting Session (B)
140, 1, 8, ?, MAKE_PROMISE, ffffffff, ?, Processing Action From AI to AI
140, 1, 8, -1, DIPLOMATIC_HIDDEN_AGENDA_WARNING, NONE, INITIAL, Requesting session between two AIs!
140, 2, 8, ?, SET_EMBASSY, ffffffff, ?, Processing Action From AI to AI
140, 5, 0, -1, DIPLOMATIC_HIDDEN_AGENDA_KUDO, NONE, 00000000, Requesting Session (B)
140, 5, 0, 5, DIPLOMATIC_HIDDEN_AGENDA_KUDO, NONE, INITIAL, Adding to pending
140, 5, 0, 5, DIPLOMATIC_HIDDEN_AGENDA_KUDO, NONE, INITIAL, Processing Statement
140, 5, 0, 5, DIPLOMATIC_HIDDEN_AGENDA_KUDO, NONE, INITIAL, Processing Immediately
141, 1, 5, -1, DIPLOMATIC_WARNING, NONE, 00000000, Requesting Session (B)
141, 1, 5, ?, MAKE_PROMISE, ffffffff, ?, Processing Action From AI to AI
141, 1, 5, -1, DIPLOMATIC_WARNING, NONE, INITIAL, Requesting session between two AIs!
142, 5, 9, ?, SET_EMBASSY, ffffffff, ?, Processing Action From AI to AI
142, 3, 7, -1, DIPLOMATIC_WARNING, NONE, 00000000, Requesting Session (B)
142, 3, 7, ?, MAKE_PROMISE, ffffffff, ?, Processing Action From AI to AI
142, 3, 7, -1, DIPLOMATIC_WARNING, NONE, INITIAL, Requesting session between two AIs!
143, 9, 5, -1, DIPLOMATIC_KUDO, NONE, 00000000, Requesting Session (B)
143, 9, 5, ?, MAKE_PROMISE, ffffffff, ?, Processing Action From AI to AI
143, 9, 5, -1, DIPLOMATIC_KUDO, NONE, INITIAL, Requesting session between two AIs!
143, 9, 7, -1, DIPLOMATIC_HIDDEN_AGENDA_WARNING, NONE, 00000000, Requesting Session (B)
143, 9, 7, ?, MAKE_PROMISE, ffffffff, ?, Processing Action From AI to AI
143, 9, 7, -1, DIPLOMATIC_HIDDEN_AGENDA_WARNING, NONE, INITIAL, Requesting session between two AIs!
144, 4, 9, -1, DIPLOMATIC_HIDDEN_AGENDA_WARNING, NONE, 00000000, Requesting Session (B)
144, 4, 9, ?, MAKE_PROMISE, ffffffff, ?, Processing Action From AI to AI
144, 4, 9, -1, DIPLOMATIC_HIDDEN_AGENDA_WARNING, NONE, INITIAL, Requesting session between two AIs!
144, 4, 9, -1, DIPLOMATIC_HIDDEN_AGENDA_WARNING, NONE, 00000000, Requesting Session (B)
144, 4, 9, ?, MAKE_PROMISE, ffffffff, ?, Processing Action From AI to AI
144, 4, 9, -1, DIPLOMATIC_HIDDEN_AGENDA_WARNING, NONE, INITIAL, Requesting session between two AIs!
144, 5, 1, -1, DIPLOMATIC_HIDDEN_AGENDA_KUDO, NONE, 00000000, Requesting Session (B)
144, 5, 1, ?, MAKE_PROMISE, ffffffff, ?, Processing Action From AI to AI
144, 5, 1, -1, DIPLOMATIC_HIDDEN_AGENDA_KUDO, NONE, INITIAL, Requesting session between two AIs!
144, 6, 7, -1, DIPLOMATIC_HIDDEN_AGENDA_WARNING, NONE, 00000000, Requesting Session (B)
144, 6, 7, ?, MAKE_PROMISE, ffffffff, ?, Processing Action From AI to AI
144, 6, 7, -1, DIPLOMATIC_HIDDEN_AGENDA_WARNING, NONE, INITIAL, Requesting session between two AIs!
144, 7, 6, -1, DIPLOMATIC_HIDDEN_AGENDA_WARNING, NONE, 00000000, Requesting Session (B)
144, 7, 6, ?, MAKE_PROMISE, ffffffff, ?, Processing Action From AI to AI
144, 7, 6, -1, DIPLOMATIC_HIDDEN_AGENDA_WARNING, NONE, INITIAL, Requesting session between two AIs!
144, 9, 2, -1, DIPLOMATIC_HIDDEN_AGENDA_WARNING, NONE, 00000000, Requesting Session (B)
144, 9, 2, ?, MAKE_PROMISE, ffffffff, ?, Processing Action From AI to AI
144, 9, 2, -1, DIPLOMATIC_HIDDEN_AGENDA_WARNING, NONE, INITIAL, Requesting session between two AIs!
144, 9, 4, -1, DIPLOMATIC_HIDDEN_AGENDA_KUDO, NONE, 00000000, Requesting Session (B)
144, 9, 4, ?, MAKE_PROMISE, ffffffff, ?, Processing Action From AI to AI
144, 9, 4, -1, DIPLOMATIC_HIDDEN_AGENDA_KUDO, NONE, INITIAL, Requesting session between two AIs!
145, 1, 3, -1, DIPLOMATIC_KUDO, NONE, 00000000, Requesting Session (B)
145, 1, 3, ?, MAKE_PROMISE, ffffffff, ?, Processing Action From AI to AI
145, 1, 3, -1, DIPLOMATIC_KUDO, NONE, INITIAL, Requesting session between two AIs!
145, 5, 0, -1, DIPLOMATIC_HIDDEN_AGENDA_KUDO, NONE, 00000000, Requesting Session (B)
145, 5, 0, 5, DIPLOMATIC_HIDDEN_AGENDA_KUDO, NONE, INITIAL, Adding to pending
145, 5, 0, 5, DIPLOMATIC_HIDDEN_AGENDA_KUDO, NONE, INITIAL, Processing Statement
145, 5, 0, 5, DIPLOMATIC_HIDDEN_AGENDA_KUDO, NONE, INITIAL, Processing Immediately
145, 7, 3, -1, DIPLOMATIC_HIDDEN_AGENDA_WARNING, NONE, 00000000, Requesting Session (B)
145, 7, 3, ?, MAKE_PROMISE, ffffffff, ?, Processing Action From AI to AI
145, 7, 3, -1, DIPLOMATIC_HIDDEN_AGENDA_WARNING, NONE, INITIAL, Requesting session between two AIs!
145, 8, 7, -1, DIPLOMATIC_KUDO, NONE, 00000000, Requesting Session (B)
145, 8, 7, ?, MAKE_PROMISE, ffffffff, ?, Processing Action From AI to AI
145, 8, 7, -1, DIPLOMATIC_KUDO, NONE, INITIAL, Requesting session between two AIs!
145, 8, 6, -1, DIPLOMATIC_HIDDEN_AGENDA_WARNING, NONE, 00000000, Requesting Session (B)
145, 8, 6, ?, MAKE_PROMISE, ffffffff, ?, Processing Action From AI to AI
145, 8, 6, -1, DIPLOMATIC_HIDDEN_AGENDA_WARNING, NONE, INITIAL, Requesting session between two AIs!
145, 2, 8, -1, DIPLOMATIC_KUDO, NONE, 00000000, Requesting Session (B)
145, 2, 8, ?, MAKE_PROMISE, ffffffff, ?, Processing Action From AI to AI
145, 2, 8, -1, DIPLOMATIC_KUDO, NONE, INITIAL, Requesting session between two AIs!
146, 5, 9, ?, SET_EMBASSY, ffffffff, ?, Processing Action From AI to AI
146, 5, 1, ?, SET_EMBASSY, ffffffff, ?, Processing Action From AI to AI
146, 9, 6, -1, WARNING_TOO_MANY_TROOPS_NEAR_ME, NONE, 00000000, Requesting Session (B)
146, 9, 6, ?, MAKE_PROMISE, 9c55a0d8, ?, Processing Action From AI to AI
146, 9, 6, -1, WARNING_TOO_MANY_TROOPS_NEAR_ME, NONE, INITIAL, Requesting session between two AIs!
147, 1, 4, -1, DIPLOMATIC_WARNING, NONE, 00000000, Requesting Session (B)
147, 1, 4, ?, MAKE_PROMISE, ffffffff, ?, Processing Action From AI to AI
147, 1, 4, -1, DIPLOMATIC_WARNING, NONE, INITIAL, Requesting session between two AIs!
147, 1, 4, -1, DIPLOMATIC_HIDDEN_AGENDA_WARNING, NONE, 00000000, Requesting Session (B)
147, 1, 4, ?, MAKE_PROMISE, ffffffff, ?, Processing Action From AI to AI
147, 1, 4, -1, DIPLOMATIC_HIDDEN_AGENDA_WARNING, NONE, INITIAL, Requesting session between two AIs!
147, 6, 3, ?, DENOUNCE, ffffffff, ?, Processing Action From AI to AI
147, 7, 3, ?, DENOUNCE, ffffffff, ?, Processing Action From AI to AI
147, 4, 7, -1, DIPLOMATIC_HIDDEN_AGENDA_WARNING, NONE, 00000000, Requesting Session (B)
147, 4, 7, ?, MAKE_PROMISE, ffffffff, ?, Processing Action From AI to AI
147, 4, 7, -1, DIPLOMATIC_HIDDEN_AGENDA_WARNING, NONE, INITIAL, Requesting session between two AIs!
147, 7, 4, -1, DIPLOMATIC_HIDDEN_AGENDA_WARNING, NONE, 00000000, Requesting Session (B)
147, 7, 4, ?, MAKE_PROMISE, ffffffff, ?, Processing Action From AI to AI
147, 7, 4, -1, DIPLOMATIC_HIDDEN_AGENDA_WARNING, NONE, INITIAL, Requesting session between two AIs!
147, 9, 4, ?, DENOUNCE, ffffffff, ?, Processing Action From AI to AI
148, 9, 3, -1, DIPLOMATIC_HIDDEN_AGENDA_KUDO, NONE, 00000000, Requesting Session (B)
148, 9, 3, ?, MAKE_PROMISE, ffffffff, ?, Processing Action From AI to AI
148, 9, 3, -1, DIPLOMATIC_HIDDEN_AGENDA_KUDO, NONE, INITIAL, Requesting session between two AIs!
148, 6, 9, ?, DECLARE_FRIEND, ffffffff, ?, Processing Action From AI to AI
148, 8, 4, -1, DIPLOMATIC_HIDDEN_AGENDA_WARNING, NONE, 00000000, Requesting Session (B)
148, 8, 4, ?, MAKE_PROMISE, ffffffff, ?, Processing Action From AI to AI
148, 8, 4, -1, DIPLOMATIC_HIDDEN_AGENDA_WARNING, NONE, INITIAL, Requesting session between two AIs!
149, 1, 4, ?, DENOUNCE, ffffffff, ?, Processing Action From AI to AI
149, 2, 9, ?, SET_EMBASSY, ffffffff, ?, Processing Action From AI to AI
149, 4, 6, -1, DIPLOMATIC_HIDDEN_AGENDA_WARNING, NONE, 00000000, Requesting Session (B)
149, 4, 6, ?, MAKE_PROMISE, ffffffff, ?, Processing Action From AI to AI
149, 4, 6, -1, DIPLOMATIC_HIDDEN_AGENDA_WARNING, NONE, INITIAL, Requesting session between two AIs!
149, 7, 4, ?, DENOUNCE, ffffffff, ?, Processing Action From AI to AI
149, 6, 9, -1, WARNING_STOP_SPYING_ON_ME, NONE, 00000000, Requesting Session (B)
149, 6, 9, ?, MAKE_PROMISE, c298a89c, ?, Processing Action From AI to AI
149, 6, 9, -1, WARNING_STOP_SPYING_ON_ME, NONE, INITIAL, Requesting session between two AIs!
150, 7, 9, ?, SET_EMBASSY, ffffffff, ?, Processing Action From AI to AI
151, 3, 1, -1, DIPLOMATIC_WARNING, NONE, 00000000, Requesting Session (B)
151, 3, 1, ?, MAKE_PROMISE, ffffffff, ?, Processing Action From AI to AI
151, 3, 1, -1, DIPLOMATIC_WARNING, NONE, INITIAL, Requesting session between two AIs!
151, 5, 2, -1, DIPLOMATIC_HIDDEN_AGENDA_WARNING, NONE, 00000000, Requesting Session (B)
151, 5, 2, ?, MAKE_PROMISE, ffffffff, ?, Processing Action From AI to AI
151, 5, 2, -1, DIPLOMATIC_HIDDEN_AGENDA_WARNING, NONE, INITIAL, Requesting session between two AIs!
151, 5, 9, ?, SET_EMBASSY, ffffffff, ?, Processing Action From AI to AI
